﻿Page ID,Page name,Disclaimer,Amount spent (USD)
157354480893,Municipio Autónomo de Caguas,Municipio Autónomo de Caguas,≤100
921043291407287,Junta de Planificación,Junta de Planificación de Puerto Rico,≤100
106430925394095,The ERC Helpers,18LEADS LLC,≤100
465698003578995,Departamento de Justicia de Puerto Rico,Departamento de Justicia de Puerto Rico,≤100
421836407865197,Quiebras Lirio Torres Justiniano,Lirio Del Mar Torres Justiniano,≤100
149451418987667,Boricuas Unidos en la Diáspora - BUDPR,Boricuas Unidos en la Diáspora,≤100
1593945460882954,Seguro Social Orientadores,Seguro Social Orientadores,≤100
101488899282508,Gabriel Pérez Pérez,Amigos Gabriel Pérez Pérez,≤100
546066468753446,Black Health Matters,BLACK HEALTH MATTERS FOUNDATION INC,≤100
1556481434584901,Paul Xavier,These ads ran without a disclaimer,≤100
2261413827506055,Diálogo Político,These ads ran without a disclaimer,≤100
107745051538338,A Little Laughter Everyday,These ads ran without a disclaimer,≤100
630406247597638,ImpactWayv,These ads ran without a disclaimer,≤100
266790296879,Bloomberg,These ads ran without a disclaimer,≤100
321746978276815,Puerto Rico Innovation and Technology Service,These ads ran without a disclaimer,≤100
250846898301272,Chicos.net,These ads ran without a disclaimer,≤100
121350964566751,DHL Motorsports,These ads ran without a disclaimer,≤100