﻿Page ID,Page name,Disclaimer,Amount spent (USD)
109111900634787,Reverend Raphael Warnock,WARNOCK FOR GEORGIA,6776
110018833813683,Defend the Senate,SMP,3620
103945768988283,ObamacarePlans.com,Obamacareplans,1938
6500552187,Hulu,"HULU, LLC",1687
106244251043808,America's Plastic Makers,"AMERICAN CHEMISTRY COUNCIL, INC.",1571
8291852604,Tobacco Free Florida,Florida Department of Health Bureau of Tobacco Free Florida,1505
101431588985210,Home Program,FL Green Development LLC,1139
830289696991749,THE FACTS NOW,Florida Department of Health Bureau of Tobacco Free Florida,1084
113891694102,Energy Citizens,AMERICAN PETROLEUM INSTITUTE,865
897994503631860,HealthInsurance.net,ASSURANCE IQ INC,711
18982436812,ACLU,American Civil Liberties Union,661
107005161695319,Herschel Walker,"TEAM HERSCHEL, INC.",644
385473284886474,Hillsdale College,Hillsdale College,639
296295018082,AARP en Español,AARP,544
76470053424,TIAA,TEACHERS INSURANCE AND ANNUITY ASSOCIATION OF AMERICA,501
57259033959,AARP,AARP,500
103552914774916,Science Moms,"Potential Energy Coalition, Inc. with Facebook ad credits",472
1461100540775171,The Tuttle Twins,LIBERTAS INSTITUTE,456
12375354406,USO,United Service Organizations,453
110168638150374,Life Health For Free,These ads ran without a disclaimer,444
121268821249550,World Central Kitchen,World Central Kitchen,442
92925746942,Judicial Watch,Judicial Watch,438
40217893542,AIPAC,AIPAC,428
108203188195224,Seniors Across America,Seniors Across America,426
101497941620428,MolinaCares,The MolinaCares Accord,404
127225910653607,PragerU,PragerU,399
158791100909689,Concerned Veterans for America,Concerned Veterans for America,385
18709174006,National Audubon Society,"NATIONAL AUDUBON SOCIETY, INC.",358
12301006942,Democratic Party,DNC SERVICES CORP./DEM. NAT'L COMMITTEE,350
121626482110,Operation Smile,OPERATION SMILE,342
107801457314549,Application for Obamacare,Michael Anthony Bennett,336
203197030603239,8 Billion Trees,8 Billion Trees LLC,336
570092813023833,Matt Walsh,The Daily Wire,333
178835922297833,American Clinical Laboratory Association,American Clinical Laboratory Association,333
20787991568,Senate Democrats,DSCC,315
172758932738142,PhRMA,PHARMACEUTICAL RESEARCH AND MANUFACTURERS OF AMERICA,309
24330467048,Americans for Prosperity,AMERICANS FOR PROSPERITY,306
22067606728,Allen West,The Association of Mature American Citizens Inc,298
166618413413767,Jay Sekulow,American Center for Law and Justice,291
1145019702185006,Alliance for Safety and Justice,Alliance for Safety and Justice,283
6204742571,Sierra Club,SIERRA CLUB,270
110799871814504,Health PLUS,Health Plus Official,269
143329509024,Citizens Against Lawsuit Abuse,Citizens Against Lawsuit Abuse,263
13867925345,Equality Florida,Equality Florida,256
314499212242,Pfizer,Pfizer Inc.,256
101164855811125,Senior Giveback Plan,Buyertool LLC,252
100684991996307,November Coalition,NOVEMBER COALITION,252
108020134993944,Social Security Planning Association,David Robert Kennon,244
6041057841,The Humane Society of the United States,"HUMANE SOCIETY OF THE UNITED STATES, THE",240
1747038068858379,Las Madrinas de los Seguros,"Living Secure Insurance Advisors, Inc.",240
7192716362,Amnesty International USA,"AMNESTY INTERNATIONAL OF THE U. S. A., INC.",237
112314627622757,Merchants Payments Coalition,"Merchants Payments Coalition, Inc.",237
309308412520731,Sandy Hook Promise,Sandy Hook Promise,233
43426724597,Paper Culture,Paper Culture LLC,232
18780321251,American Chemistry,American Chemistry Council,232
1226257404067392,Floridians for Government Accountability,"FLORIDIANS FOR GOVERNMENT ACCOUNTABILITY, INC.",231
201470373308396,BMO US,BMO Harris Bank,230
101898606040307,Health-USA,HealthUSA Org,230
24470472733,The Trevor Project,The Trevor Project,229
103531607822207,Noticias para Inmigrantes,"Wise Rock Media, PBC",216
1958912674200535,The Pour Over,Pour Over,213
13885075114,Action Against Hunger USA,ACTION AGAINST HUNGER - USA,211
8492293163,Environmental Defense Fund,Environmental Defense Fund,200
101535059388333,Benefit Helpline,Benefit Helpline,195
222778077862868,Crime Survivors for Safety and Justice,Alliance for Safety and Justice,194
1010664679060500,Voting Rights Brigade,Voting Rights Brigade,189
215830238462422,The LIBRE Initiative,The Libre Initiative,188
109999331898234,My Affordable Care Act,The Burial Solution,186
114167895375664,Cherokee Nation,Cherokee Nation,183
130234313704399,United We Dream,UNITED WE DREAM NETWORK INC,180
7030901126,Campaign for Tobacco-Free Kids,TOBACCO-FREE KIDS ACTION FUND,175
49651563727,Live Action,Live Action,175
200650357207240,I Love My Freedom,I Love My Freedom,172
103912059097010,One Real American,One Real American,171
106568024842114,Rideshare Assault Support,Select Justice LLC,168
342294162453301,Planned Parenthood,Planned Parenthood Federation of America,162
85452072376,NEWSMAX,"NEWSMAX MEDIA, INC.",154
103719431161983,Anders Retirement - Winter Park,Advisor's Platform,152
58433611572,Seventh Generation,SEVENTH GENERATION INC,141
1593518174052711,Candace Owens,The Daily Wire,139
203805062990264,Ben Shapiro,The Daily Wire,135
100992801635617,Conservative-American.org,Conservative American Strategies,135
100882959392755,Laura Dominguez for Miami Beach City Commission,Laura Alina Dominguez,133
216311481960,Bill Gates,Bill Gates,133
269348454714,IMB,"INTERNATIONAL MISSION BOARD OF THE SOUTHERN BAPTIST CONVENTION, THE",133
103807629149771,Working Forests Initiative,Working Forests Initiative,133
23875187730,Feeding America,FEEDING AMERICA,132
103875099042033,DailyWire+,The Daily Wire,132
109531791736633,Earth4All,Electica LLC USA,129
101803615972593,Innovation Race,"TEA PARTY PATRIOTS ACTION, INC.",129
130945114804,World Jewish Congress,ATTN: INC.,126
2353537341582545,Proud Patriots,Proud Patriots,124
105454117977117,Voices for Consumer Choice,Voices for Consumer Choice,119
109846597589278,Patriot's Cave Shop,Patriot's Cave,118
30914589895,The International Fellowship of Christians and Jews,INTERNATIONAL FELLOWSHIP OF CHRISTIANS & JEWS INC,116
2602473023098666,Democratic Polling Center,Democratic Governors Association,114
100585302852839,Health LIVE,Health Live Official,114
107153355166646,The Protein PACT,NORTH AMERICAN MEAT INSTITUTE,114
246323280108,American Medical Association,American Medical Association,113
114710126648118,Republican Dogs,Republican Dogs,113
101401905331442,John Uustal - Trial Lawyer,Crisp,113
100145644726687,Opportunity For All Floridians,Opportunity For All Floridians,112
367292494407,AJC - American Jewish Committee,AMERICAN JEWISH COMMITTEE,111
8473889271,National Parks Conservation Association,National Parks Conservation Association,110
679171239164792,Supermajority,Supermajority,109
42872222699,Dana Loesch,The Association of Mature American Citizens Inc,108
102113962612618,Smart & Safe Florida,"Smart & Safe Florida - 1400 Village Square Blvd, Suite #3-321, Tallahassee, FL 32312.",106
110431415026491,The American Enthusiasm,The American Enthusiasm,106
123499639275,National CASA / GAL Association for Children,NATIONAL CASA ASSOCIATION,105
102592959026,Ocean Conservancy,"OCEAN CONSERVANCY, INC.",103
136366840902,Levin Papantonio Rafferty Law Firm,Levin Papantonio Rafferty,103
186522514710557,Americans for Prosperity -  Florida,AMERICANS FOR PROSPERITY,102
50822254585,Mountain States Legal Foundation,Mountain States Legal Foundation,101
101716172441500,Brennan Center en Español,"WILLIAM J. BRENNAN CENTER FOR JUSTICE, INC.",101
8934429638,Planned Parenthood Action,Planned Parenthood Action Fund,≤100
2254455051442790,Flag and Cross,Flag & Cross,≤100
8047221596,Save the Children US,SAVE THE CHILDREN FEDERATION INC.,≤100
163302087408673,Stop The Donald,Stop the Donald,≤100
5861903849,USA for UNFPA,FRIENDS OF UNFPA INC,≤100
100283489546710,Justice In The Classroom,Justice In The Classroom,≤100
105561217523274,The Dispatch,"Dispatch Media, Inc.",≤100
133845049915,American Highway Users Alliance,American Highway Users Alliance,≤100
104295601633638,American Cornerstone Institute,American Cornerstone Institute Inc,≤100
103175021296846,Save Our Planet,Sahak Nalbandyan,≤100
115613890351673,Screaming Freedom Apparel,Screaming Freedom Apparel,≤100
417709355647,The Lynde and Harry Bradley Foundation,"LYNDE AND HARRY BRADLEY FOUNDATION, INC., THE",≤100
15239367801,The Wilderness Society,"WILDERNESS SOCIETY, THE",≤100
108547455113940,Our America,Our America,≤100
105791402802932,Democratic Party of Georgia,Democratic Party of Georgia,≤100
592707041080920,Stand Together,Stand Together Chamber of Commerce Inc.,≤100
102415355916214,American Heart City,American Heart City,≤100
47710973068,Voices for Cooperative Power,Voices for Cooperative Power,≤100
51379424899,Mercy Ships,MERCY SHIPS INTERNATIONAL,≤100
1435071773455316,Daily Wire,The Daily Wire,≤100
331037760381749,Sierra Magazine,SIERRA CLUB,≤100
542678889114683,The Coca-Cola Company,The Coca-Cola Company,≤100
106430925394095,The ERC Helpers,18LEADS LLC,≤100
29717379728,International Justice Mission,International Justice Mission,≤100
160389977329803,ATTN:,ATTN: INC.,≤100
843043565853392,Covering Central Florida,PRIMARY CARE ACCESS NETWORK,≤100
8325302025,Friends of the Earth U.S.,Friends of the Earth,≤100
102281192230784,Forward Party,Forward Party,≤100
109637125764343,Population Connection,Population Connection,≤100
104042452981815,AARP Black Community,AARP,≤100
182620315479,Plan International USA,Plan International USA,≤100
156994304362574,American Bridge 21st Century,AMERICAN BRIDGE 21ST CENTURY,≤100
6355071377,American Cancer Society Cancer Action Network - ACS CAN,AMERICAN CANCER SOCIETY CANCER ACTION NETWORK INC,≤100
222990002457055,Elect Larisa Svechin for Mayor of Sunny Isles Beach,Larisa Svechin for Mayor of Sunny Isles Beach,≤100
34362997676,United States Holocaust Memorial Museum,UNITED STATES HOLOCAUST MEMORIAL MUSEUM,≤100
107008774760761,Color Us United,Color Us United,≤100
111688508172097,Stay Healthy Sunshine,"Treasure Coast Health Council, Inc dba Health Services Council of Southeast Florida",≤100
100373975829221,Fòs Feminista Org,Fòs Feminista,≤100
23875187730,Feeding America,Feeding America,≤100
105599502191866,Florida Jolt,"Jolt Media, Inc.",≤100
142432192446984,David Horowitz Freedom Center,David Horowitz Freedom Center,≤100
38235851310,USA for UNHCR,UNITED STATES ASSOCIATION FOR UNHCR,≤100
107999458652964,MyObamacare,Norwegian Financial LLC,≤100
147368882623027,Black Futures Lab,Black Futures Lab,≤100
1695950424027488,Andy Hallinan,Carry Daily,≤100
109092142462587,Adam Schiff,SCHIFF FOR CONGRESS,≤100
376776419037747,Turning Point USA,"Turning Point USA, Inc.",≤100
144748475550037,The Home Depot Foundation,These ads ran without a disclaimer,≤100
443329669123990,USAFacts,USAFacts Institute,≤100
45393753416,Alliance Defending Freedom,Alliance Defending Freedom,≤100
25852730092,Care2,"Care2.com, Inc",≤100
114008535880,Foundation for Individual Rights and Expression,FOUNDATION FOR INDIVIDUAL RIGHTS IN EDUCATION,≤100
108925252480631,Echoes & Reflections,ANTI-DEFAMATION LEAGUE,≤100
1375372595977513,UWorld Insurance Group,UWORLD INSURANCE GROUP,≤100
1621001068145811,Best Relationships,Best Relationships Group,≤100
866779926670025,Citizens for Tobacco Rights,Citizens for Tobacco Rights,≤100
17911165812,Covenant House International,Covenant House,≤100
30708742052,FCTRY,FCTRY,≤100
9324910069,NRSC,NRSC,≤100
83290028957,Care Net,CARE NET,≤100
100417168386329,Heal America,Stand Together Chamber of Commerce Inc.,≤100
15771560300,Earthjustice,EARTHJUSTICE,≤100
219242560293,Meals on Wheels America,Meals on Wheels,≤100
104760636770,Vera Institute of Justice,"VERA INSTITUTE OF JUSTICE, INC.",≤100
665345483483486,NRA - National Rifle Association of America,NATIONAL RIFLE ASSN OF AMERICA,≤100
17203056985,Partners In Health,Partners In Health,≤100
483373685140527,Birthright Israel Foundation,"BIRTHRIGHT ISRAEL FOUNDATION, THE",≤100
19746387261,Humane Society International,Humane Society International,≤100
1470540296409810,Fair Fight Action,FAIR FIGHT,≤100
1428755447227803,Defend The Second,Next Level Goods,≤100
51405613519,Focus on the Family,Focus on the Family,≤100
129240690441636,The Legal Defense Fund,"N. A. A. C. P. LEGAL DEFENSE AND EDUCATIONAL FUND, INC.",≤100
158505287559920,Save the Storks,Save the Storks,≤100
602714436529710,End Citizens United,END CITIZENS UNITED,≤100
30139072158,CARE,CARE,≤100
309541989079465,Libertas Institute,LIBERTAS INSTITUTE,≤100
106315901551850,The U.S. Concealed Carry Association for Saving Lives,U.S. Concealed Carry Association For Saving Lives. Not Authorized By Any Candidate Or Candidate's Committee.,≤100
405209453580678,Proud Trump Supporters,Proud Right Winger,≤100
357750373755,National Domestic Workers Alliance,National Domestic Workers Alliance,≤100
495170667357093,Electronic Payments Coalition,ELECTRONIC PAYMENTS COALITION INC,≤100
9538894955,John F. Kennedy Presidential Library and Museum,"John Fitzgerald Kennedy Library Foundation, Inc.",≤100
197461723779499,"Vasquez Law Firm, PLLC - North Carolina",William Junior Vasquez,≤100
104589240921549,Stephen Cohen for Miami Beach City Commission,Stephen Bradley Cohen,≤100
372577693078008,"Saenz-Garcia Law, PLLC","Saenz-Garcia Law, PLLC",≤100
206238602739505,Taxpayers Protection Alliance,Taxpayers Protection Alliance,≤100
542968069983885,HappeningNow,HappeningNow America,≤100
108025821819737,Thorn for Parents,Thorn,≤100
50982313030,Food & Water Watch,Food & Water Watch,≤100
108268161352786,Stanley M. Herzog Foundation,Herzog Foundation,≤100
202118643480925,Claudia Mariaca,Claudia Mariaca Campaign,≤100
102155388790298,Affordable HealthCare,The Burial Solution,≤100
1201574069988840,NoFilter with Ana Kasparian,"The Young Turks, Inc.",≤100
102748688472759,Parents Defending Education,Parents Defending Education,≤100
104678691768747,Floridians For Honest Lending,Floridians For Honest Lending,≤100
117437204982602,American Wild Horse Campaign,American Wild Horse Preservation Campaign,≤100
140357056032320,NEA Today,National Education Association,≤100
602074469965571,Plan C,NATIONAL WOMENS HEALTH NETWORK,≤100
102204903345,The Vilcek Foundation,"VILCEK FOUNDATION, INC., THE",≤100
727959664226782,Grow Tallahassee,"Grow Tallahassee, Inc.",≤100
408250066356,Bill O'Reilly,"Bill Me, Inc.",≤100
140499052681592,Bank of the West,BANK OF THE WEST,≤100
317284821682168,Messianic Jewish Alliance of America (MJAA),Messianic Jewish Alliance of America,≤100
58029141741,RMI,RMI with Facebook ad credits,≤100
114765400352270,Kite & Key Media,VMTS EDUCATION INC,≤100
116115111094914,Mirena® (levonorgestrel-releasing intrauterine system) 52 mg,BAYER HEALTHCARE LLC,≤100
101607439429638,USA Healthy Tips,USA Healthy Tips,≤100
6787988478,Physicians for Human Rights,"PHYSICIANS FOR HUMAN RIGHTS, INC.",≤100
24481937944,Theodore Roosevelt Conservation Partnership,"THEODORE ROOSEVELT CONSERVATION PARTNERSHIP, INC",≤100
70874333603,CatholicVote,catholicvote.org,≤100
109320440856128,Together Beat Hate,"Foundation to Combat Anti-Semitism, Inc.",≤100
111132481503022,Gloves Off With David Singer,Gloves Off with David Singer,≤100
6040534532,One Acre Fund,ONE ACRE FUND,≤100
224110651893,International African American Museum,IAAM,≤100
101400032438085,The A-Mark Foundation,A MARK FOUNDATION,≤100
86071521216,Second Amendment Foundation,SECOND AMENDMENT FOUNDATION INC,≤100
2023114331282570,Florida Daily,Florida Daily,≤100
412813035568714,Opportunity Insurance,Opportunity Insurance,≤100
1883837055193241,Shield Republic,Shield Republic,≤100
85252863415,National Latina Institute for Reproductive Justice,NATIONAL LATINA INSTITUTE FOR REPRODUCTIVE HEALTH,≤100
911828698840246,ReLEntless Defender Apparel,ReLEntless Defender Apparel,≤100
19575923823,Farm Sanctuary,"Farm Sanctuary, Inc.",≤100
580610428636345,Fight for $15,Fight for $15,≤100
72931140459,Center for Biological Diversity,"CENTER FOR BIOLOGICAL DIVERSITY, INC.",≤100
141786816970,Cruise Lines International Association - CLIA,Cruise Lines International Association,≤100
72092591211,FBI – Federal Bureau of Investigation,Federal Bureau of Investigation,≤100
431019887282794,Tomorrow's World Today,Flying Cork,≤100
201446296572389,Compassion in World Farming (USA),Compassion in World Farming Inc,≤100
153278754738777,Climate Reality,The Climate Reality Project,≤100
186977768011413,Ironworkers Rising,"International Association of Bridge, Structural, Ornamental, and Reinforcing Iron Workers",≤100
802271849850801,Freedom for All Americans,Freedom for All Americans,≤100
110981884065996,Abortion Finder,Power to Decide,≤100
108258878290014,Stay Well Community Health Fairs,Stay Well Community Health Fairs,≤100
154065301986563,GZERO Media,GZERO Media,≤100
36872302227,Cory Booker,CORY BOOKER FOR SENATE,≤100
788559044606908,America Forward,NEW PROFIT INC,≤100
40217893542,AIPAC,American Israel Public Affairs Committee,≤100
7263476274,Mercy Corps,These ads ran without a disclaimer,≤100
118626774835274,Medicare Made Clear,Medicare Made Clear from United Healthcare,≤100
219612384781411,Bloomberg Philanthropies,Bloomberg Philanthropies,≤100
375742685850856,Firearms Policy Coalition,"FIREARMS POLICY COALITION, INC.",≤100
101611771729304,Our True God,One True God,≤100
199826043375900,Larry Hogan,An America United,≤100
243498882520314,FoodFinder,"FOODFINDER, INC.",≤100
25372476424,Best Friends Animal Society,BEST FRIENDS ANIMAL SOCIETY,≤100
12185972707,350.org,350 ORG,≤100
15041226930,Oxfam,"OXFAM AMERICA, INC.",≤100
286999398309679,Enel Green Power,"Enel North America, Inc.",≤100
5720973755,Defenders of Wildlife,DEFENDERS OF WILDLIFE,≤100
43287633515,Action for the Climate Emergency,Action for the Climate Emergency,≤100
403619063056255,Vice Mayor Alix Desulme,Alix Desulme - The City of North Miami,≤100
7145381235,American Jewish World Service - AJWS,"AMERICAN JEWISH WORLD SERVICE, INC.",≤100
101391906600,Live Action News,Live Action,≤100
104255434986319,Teal Crate,Vougs,≤100
1382441768496365,Pentair,PENTAIR,≤100
983629811723932,Home Title Lock,Home Title Lock,≤100
707842972692825,IAMJetBlue,James A. Carlson,≤100
391486524958071,Alliance for Safe Trains,Alliance for Safe Trains INC,≤100
104377641671195,Salem Podcast Network,Salem Media,≤100
227764782729,AMERICAN - STRONG!,American Strong LLC,≤100
104373526741700,Save Our Air Medical Resources,Save Our Air Medical Resources,≤100
786167111464006,Woodson Center,The Woodson Center,≤100
197760674021143,Indivisible Guide,INDIVISIBLE ACTION,≤100
471928596287830,Brian Mast,Mast for Congress,≤100
6240652407,Young America's Foundation,Young America's Foundation Inc,≤100
170756446429578,Othering & Belonging Institute,Othering and Belonging Institute,≤100
745910525468062,National Center on Sexual Exploitation,National Center on Sexual Exploitation,≤100
48046820798,Veeam Software,These ads ran without a disclaimer,≤100
1632814840319802,John Fetterman,Fetterman for PA,≤100
2323537224373835,Jenna Persons-Mulicka,Jenna Persons Campaign,≤100
100713722763577,Love Sunny Isles,Safe Streets Miami,≤100
702582586516561,CBN Israel,"The Christian Broadcasting Network, Inc.",≤100
103565195134756,America First Policy Institute,America First Policy Institute,≤100
300992409852,Hoover Institution,Hoover Institution,≤100
109199260489131,The Union Financial,The Union Financial,≤100
89336510798,American Friends of the Hebrew University,American Friends of Hebrew University,≤100
304600892905134,Hillsdale College Online Courses,HILLSDALE COLLEGE,≤100
1166660030079480,National Democratic Redistricting Committee,National Democratic Redistricting Committee,≤100
84645912778,Prosperity Now,PROSPERITY NOW,≤100
1526736227567131,TrueCoverage,True Coverage,≤100
337038226473839,Trish Regan,"SALEM MEDIA GROUP, INC.",≤100
100519772749954,Obamacare-Pride,Norwegian Financial LLC,≤100
103725461407761,Maryorie Pineda Insurance,JM INSURANCE GROUP LLC,≤100
1701668183423201,Pandia Health,Pandia Health,≤100
147126507164,ACTwireless,ACTwireless,≤100
134452023239984,Human Coalition,Human Coalition,≤100
91346559231,Democratic Legislative Campaign Committee - DLCC,Democratic Legislative Campaign Committee,≤100
10498053716,Media Research Center,MEDIA RESEARCH CENTER,≤100
107656731666716,Medicare Advisors,Weekly Wealth,≤100
90022052772,Williams,"WILLIAMS COMPANIES, INC., THE",≤100
7735858972,Humane Society Legislative Fund,Humane Society Legislative Fund,≤100
125769584126996,Yael Eckstein,"INTERNATIONAL FELLOWSHIP OF CHRISTIANS & JEWS, INC.",≤100
546066468753446,Black Health Matters,BLACK HEALTH MATTERS FOUNDATION INC,≤100
836826976517252,International Christian Embassy Jerusalem - USA,"International Christian Embassy Jerusalem - USA, Inc.",≤100
142957224352,International Medical Corps,International Medical Corps,≤100
101401528499337,"Commissioner Kionne McGhee, District 9",Kionne L. McGhee,≤100
156496968533805,Explore Beyond,NCTA - The Internet & Television Association,≤100
266790296879,Bloomberg,These ads ran without a disclaimer,≤100
507070522767934,AACR Foundation,"AMERICAN ASSOCIATION FOR CANCER RESEARCH, INC.",≤100
108512875350,The Atlas Society,The Objectivist Center Ltd,≤100
164966660351345,Hope Outfitters,Hope Outfitters,≤100
169687486427698,Jentezen Franklin,FREE CHAPEL WORSHIP CENTER,≤100
81755908577,Kids in Need of Defense (KIND),"KIND, Inc.",≤100
21472760578,C-SPAN,C-SPAN,≤100
103355385129734,The Climate Pledge,The Climate Pledge,≤100
110042181919423,Leading With Greatness,Patriotic Uniting For All,≤100
102413723172970,Nick Adams,Nick Adams,≤100
292649794717694,The Bulwark,Bulwark Media,≤100
101280379140925,Sunny Isles Conservatives,Safe Streets Miami,≤100
424443217623488,Clarion Project,"CLARION PROJECT, INC.",≤100
101930385197156,Alianza Center,"Alianza Center, Inc.",≤100
513695272011123,The Genesis Prize,GPF NA LLC,≤100
100758682697459,Mayday Health,"Mayday Medicines, Inc.",≤100
102911032344201,EinStrong,EINSTRONG FOUNDATION,≤100
936968016365794,The Eric Metaxas Radio Show,Salem Media,≤100
100511632833476,We Believe,These ads ran without a disclaimer,≤100
168876449866088,The Years Project,THE YEARS PROJECT,≤100
106568024842114,Rideshare Assault Support,Injury Match,≤100
34661411150,AIDS Healthcare Foundation,AIDS Healthcare Foundation,≤100
104092062075803,PBC Jolt,"Jolt Media, Inc.",≤100
147074598789837,"Legal Aid Society of Palm Beach County, Inc.","LEGAL AID SOCIETY OF PALM BEACH COUNTY, INC",≤100
74203588228,New Jersey Hall of Fame,New Jersey Hall of Fame,≤100
657708380952174,Voices of the Civil Rights Movement,Comcast,≤100
1590877284560136,Patti Harris,Bloomberg Philanthropies,≤100
163965296965203,32BJ SEIU,LOCAL 32 BJ SEIU,≤100
101090559295696,TPUSA Faith,TURNING POINT USA NFP,≤100
253966794723524,Orange County FL Tax Collector's Office - Scott Randolph,Orange County Tax Collector,≤100
342887442508723,Convention of States,Convention of States Action,≤100
153678684700451,American Investment Council,AMERICAN INVESTMENT COUNCIL,≤100
11791104453,NRDC,Natural Resources Defense Council,≤100
512225042147387,Mothers Out Front,MOTHERS OUT FRONT INC,≤100
323083351064533,The News Literacy Project,The News Literacy Project,≤100
107764430968176,Tuttle Twins TV Show,"Tuttle Twins Show, LLC",≤100
104491841664875,Adam Kinzinger,Future First Leadership PAC,≤100
106559805163436,Affordable American HealthCare,The Burial Solution,≤100
269479249997,NSSF—The Firearm Industry Trade Association,National Shooting Sports Foundation,≤100
111004586952707,Elevate Prize Foundation,Elevate Prize Foundation Inc,≤100
1526707030943680,Phoenix Dream Center,City Help Inc of Phoenix dba Phoenix Dream Center,≤100
999556810102061,Signature Seas,Signature Seas,≤100
112552187080266,Protecting Every Future,American Council of Life Insurers,≤100
102064134602267,JHU Smartphone Pain Study,Johns Hopkins Bloomberg School of Public Health,≤100
103916546350474,Stericycle,Stericycle,≤100
59877921429,Lutheran Immigration and Refugee Service,"LUTHERAN IMMIGRATION AND REFUGEE SERVICE, INC.",≤100
103602275197310,Communist Free - Freedom First,September Group LLC,≤100
156968474833352,Stop Republicans,Stop Republicans,≤100
292351509697,Jerusalem Prayer Team,Jerusalem Prayer Team,≤100
6502038524,First Book,FIRST BOOK,≤100
16775672689,Heartland Institute,The Heartland Institute,≤100
103851532013523,Policyfetch.com,Quantum Digital Media Inc,≤100
159658557547960,Wall Street Journal Opinion,The Wall Street Journal,≤100
723394465079640,The Lion,Stanley M. Herzog Charitable Foundation,≤100
105228065418497,The Main Street Sentinel,The Main Street Sentinel,≤100
110126414918329,"Hall Keener, P.A.",Crisp,≤100
605037386536651,Alianza for Progress,Alianza for Progress,≤100
144691292263214,ElderSource,"NORTHEAST FLORIDA AREA AGENCY ON AGING, INC.",≤100
19219803864,Tax Foundation,Tax Foundation,≤100
107168898379486,Speed & Scale,Speed & Scale,≤100
103255735377649,National Give Back,National Giveback Action Group,≤100
947348891946599,Mike Waltz,MICHAEL WALTZ FOR CONGRESS,≤100
21242962092,ClientEarth,CLIENTEARTH USA INC,≤100
1562713090633117,Operation Underground Railroad,OPERATION UNDERGROUND RAI,≤100
109118211910879,Mr. 45,Green Straw LLC,≤100
275008694346269,IndexIQ,IndexIQ,≤100
100416560012896,Friends of the Everglades,FRIENDS OF THE EVERGLADES INC,≤100
100652402259075,The Intersect,Accelerate Change Inc,≤100
112425441094454,The Art of the Tweet,The Art of the Tweet LLC,≤100
129255907131113,NumbersUSA,NUMBERSUSA EDUCATION AND RESEARCH FOUNDATION,≤100
355783211719644,Veteran Caregivers of America,"Veteran Caregivers, LLC",≤100
392516956004,The Carter Center,"CARTER CENTER, INC., THE",≤100
557051651115624,Stidham Financial Services,Stidham Financial Services,≤100
102176712079037,Daily Floridian,Daily Floridian,≤100
21090771700,Gun Owners of America,Gun Owners of America,≤100
8524198486,Physicians Committee for Responsible Medicine,"PHYSICIANS COMMITTEE FOR RESPONSIBLE MEDICINE, INC.",≤100
129914120385683,Families USA,Families USA,≤100
110316380149,Family Policy Alliance,Family Policy Alliance,≤100
110413484971344,The Frugal Saver,"WISDOM COMPANIES, LLC , THE",≤100
240425642652222,South Florida Wildlands Association,South Florida Wildlands Association,≤100
60182072999,Lila Rose,Live Action,≤100
101658459277850,Will Lehman for UAW President,William Lehman Iv,≤100
280704452367167,Jason Crow,JASON CROW FOR CONGRESS,≤100
101573474533442,Chronic Care Policy Alliance,The Chronic Care Policy Alliance,≤100
407902639235640,JNS.org,Jewish News Syndicate,≤100
93565224474,Mercy For Animals,MERCY FOR ANIMALS,≤100
181438572390,Sarasota County Democratic Party,Sarasota County Democratic Party,≤100
11006419356,The Voice of the Martyrs - USA,"VOICE OF THE MARTYRS, INC., THE",≤100
101670818343460,Moms for America Action,Moms for America Action Inc.,≤100
114581435219881,International March of the Living,INTL MARCH OF LIVING,≤100
945455208962159,For Everyone Collective,For Everyone Collective,≤100
112548674770588,Truth and Courage PAC,Truth and Courage PAC,≤100
795162290631372,Citrus Pregnancy Center,LIFE CHOICE CARE CENTER INC,≤100
6316744206,Jon Tester,MONTANANS FOR TESTER,≤100
18079407397,CPAC,AMERICAN CONSERVATIVE UNION,≤100
363726447349015,CIO Dive,These ads ran without a disclaimer,≤100
108266445888054,Patriot Academy,TORCH OF FREEDOM FOUNDATION,≤100
85337666730,Republican Governors Association (RGA),REPUBLICAN GOVERNORS ASSOCIATION,≤100
408526523045391,Mammoth Nation,Mammoth Nation,≤100
131023707236064,Applecart,Project Applecart LLC,≤100
271453369908901,FLAG  - Foundation for Liberty and American Greatness,Tomer Barazani,≤100
124506846628,Agape International Missions,AGAPE INTERNATIONAL MISSIONS,≤100
290851614930809,Combat AntiSemitism,Combat Hate Foundation,≤100
29697575576,Paralyzed Veterans of America,PARALYZED VETERANS OF AMERICA,≤100
214061167976,El Tiempo Latino,MASTV EL PLANETA LLC,≤100
534332363577954,Political scrapbook,David Granville Hough,≤100
343714718985673,Think Wood,Think Wood,≤100
7976226799,The Daily Show,Comedy Central,≤100
110847698099863,Solarquote.org,solarquote.org,≤100
127637620616803,Comcast Newsmakers,Comcast,≤100
93228695778,Tea Party Patriots,Tea Party Patriots,≤100
100113865706707,ADF Generational Wins Prayer Initiative,ALLIANCE DEFENSE FUND INC,≤100
80060992758,Center for Food Safety,"CENTER FOR FOOD SAFETY, THE",≤100
110480728196620,Small Business Digital Alliance,Small Business Digital Alliance,≤100
28446275521,Military Officers Association of America (MOAA),Military Officers Association of America,≤100
282728185140429,Rep For Vets,The Rep For Vets,≤100
228754857151053,House Majority PAC,House Majority PAC,≤100
170126260000702,Western Journal US News,The Western Journal,≤100
101831304856606,La Mesa Boricua de Florida,Maruxa D Cardenas,≤100
38882699096,Polaris,POLARIS PROJECT,≤100
250485248333218,Clean Air Task Force,CLEAN AIR TASK FORCE,≤100
127944113884831,Community Foundation for Greater Atlanta,"The Community Foundation for Greater Atlanta, Inc.",≤100
40755480179,Students For Liberty,STUDENTS FOR LIBERTY INC,≤100
101224002310757,Seven Weeks Coffee,Seven Weeks Coffee,≤100
60261764250,Childhelp,"CHILDHELP, INC.",≤100
271522572878637,Senator René García Miami Dade Commissioner District 13,Rene Garcia,≤100
19342050934,Leadership Institute,LEADERSHIP INSTITUTE INC,≤100
92021268117,Working America,Working America,≤100
5633824547,FreedomWorks,"FREEDOMWORKS, INC.",≤100
255062275778,Tim Tebow Foundation,TIM TEBOW FOUNDATION,≤100
102230249080409,Freedom First,Jason Donald Robertson,≤100
40102638699,J Street,J STREET INC,≤100
290548664672,First Liberty,First Liberty Institute,≤100
10331123781,Special Olympics,Special Olympics Inc,≤100
107034431979369,United24,Non-profit organization UNITED24,≤100
659878157406228,America's Warrior Partnership,America's Warrior Partnership,≤100
305283975264,Pulmonary Hypertension Association,"PULMONARY HYPERTENSION ASSOCIATION, INC.",≤100
1515018011854071,Florida Democratic Party Jewish Caucus,Florida Democratic Party Jewish Caucus,≤100
201504029958584,Dream Defenders,Dream Defenders,≤100
115506229996657,José Leyva Asesor Integral,JLL BUSINESS & ADVANTAGES LLC,≤100
63240625785,National Immigration Forum,NATIONAL IMMIGRATION FORUM,≤100
2321993584737314,The Markin Report,The Markin Report,≤100
1898234727131235,Reel America,BizPac Review,≤100
35715544220,Stand.earth,Stand.earth,≤100
27478282874,UNITE HERE!,UNITE HERE,≤100
7271534916,Foundation Fighting Blindness,These ads ran without a disclaimer,≤100
378084314984,Trane Technologies,Trane Technologies,≤100
28126338304,Surfrider Foundation,"SURFRIDER FOUNDATION, INC",≤100
107553188401159,Brandon Gill,The Boswell Project,≤100
1163396097051646,PILMA,Pharmaceutical Industry Labor Management Association,≤100
585717161574553,City of Plant City Government,City of Plant City,≤100
30618466815,Pacific Legal Foundation,Pacific Legal Foundation,≤100
130848666099,Business Forward,Business Forward Inc.,≤100
100983515068287,"Justice For Greenwood Foundation, Inc.",Justice for Greenwood Foundation Inc,≤100
311887399212832,EZ Health Marketplace,SMART INSURANCE IQ INC,≤100
102027764795677,American Wire,BizPac Review,≤100
2033829676914762,Ridgway White,CHARLES STEWART MOTT FOUNDATION,≤100
190198574334684,FHE Health,THE FLORIDA HOUSE EXPERIENCE M,≤100
240937060405,Center for Science in the Public Interest (CSPI),Center for Science in the Public Interest,≤100
100221986153813,Lou's Daily News,Jennifer Ann Robertson,≤100
28483858161,Texas Scorecard,ScorecardMedia,≤100
91825280193,Osceola County,Osceola County Government,≤100
466164103423147,Thorn,Thorn,≤100
145917588805718,Dr Jordan B Peterson,The Daily Wire,≤100
142474049098533,Robert Reich,Inequality Media,≤100
245711905631405,Jeff Jackson,JEFF JACKSON FOR CONGRESS,≤100
1546952572205770,UAE USA United,The Embassy of the United Arab Emirates,≤100
1666922183524165,ReThink Energy NJ,ReThink Energy NJ,≤100
103277109172874,The Original Lou's News,Jennifer Ann Robertson,≤100
109284291894484,American News Stories,Michael Scott Hughes,≤100
106608038931801,Loyal Patriots,Loyal Patriots,≤100
108620667163768,For Our Future,Resource Media,≤100
101769576791,Health Action Network,Health Action Network,≤100
324558475104607,United We Dream Action,United We Dream Action,≤100
226999127329906,New York Immigration Lawyer,These ads ran without a disclaimer,≤100
7962229886,Environmental Working Group,ENVIRONMENTAL WORKING GROUP,≤100
58158120046,ACLJ,American Center for Law and Justice,≤100
1510567695822499,American Federation for Children - Wisconsin,American Federation for Children,≤100
97624620788,American Friends of Magen David Adom,AMERICAN FRIENDS OF MAGEN DAVID ADOM,≤100
107993931705527,"Paula DeBoles-Johnson, Candidate for Leon County Commission District 5",Paula Deboles Johnson,≤100
345378512258813,Elise Stefanik,ELISE FOR CONGRESS,≤100
142474049098533,Robert Reich,Inequality Media Civic Action,≤100
855541837959046,Re-Elect Commissioner Kevin Biederman Hollywood District 5 Team,Kevin Drew Biederman,≤100
125179374733697,Big News Buzz,Resource Media,≤100
259351004139042,Ashbrook Center,Ashbrook Center,≤100
148048225348895,Danielle D'Souza Gill,DDG Media LLC,≤100
64974200999,America-Israel Friendship League,AMERICA-ISRAEL FRIENDSHIP LEAGUE,≤100
245152275619372,FloridaPolitics,Florida Politics,≤100
1196196390526965,Facebook Surveys,These ads ran without a disclaimer,≤100
102142101657930,OurFight.online,Our Fight Inc,≤100
107242815425784,Renewobamacare,"Quantum Digital Media, Inc",≤100
109352563640,Water.org,WATER.ORG INC.,≤100
105874504263958,H-Rod Insurance Corp,Carlos Silvestre Higgins Rodriguez,≤100
130994240418462,Sarasota County Young Republicans,Sarasota County Young Republicans,≤100
105173311888160,Star and Bar,Star and Bar,≤100
74783093812,Just Vision,JUST VISION INC,≤100
25121889784,Texas Public Policy Foundation,Texas Public Policy Foundation,≤100
103482538845527,Conservative Truth,Home of the Brave Media LLC,≤100
100511632833476,We Believe,We Believe,≤100
700806360047982,CFG Action,Club for Growth Action,≤100
508887815910815,BPR,BizPac Review,≤100
895720774159876,Colquitt County Republican Party,Republican Party Colquitt County,≤100
1479899112252729,Ukrainian American House,Ukrainian American House,≤100
187850809456,PSEA - PA State Education Association,PENNSYLVANIA STATE EDUCATION ASSOCIATION,≤100
59543893235,National Constitution Center,National Constitution Center,≤100
108615842526079,The Ronald Reagan Presidential Foundation and Institute,The Ronald Reagan Presidential Foundation and Institute,≤100
106887465438852,Modern Economy Project,PRISM STRATEGY INC,≤100
1571132936490223,JewBelong,JEWBELONG INC.,≤100
103234915883299,Jenny Gonzalez Seguros,Jimenez Insurance and Financial Group LLC,≤100
103665368802136,Operation Red Wall,Krista D Bloch,≤100
106058025408954,Do No Harm Medicine,Do No Harm,≤100
57495285387,Michael Bennet,Bennet for Colorado,≤100
1470540296409810,Fair Fight Action,FAIR FIGHT ACTION INC,≤100
130130503698358,Eastern European Mission,EASTERN EUROPEAN MISSION,≤100
210357995667559,The National Memo,The National Memo,≤100
1425435377743310,Conversations with Bill Kristol,FOUNDATION FOR CONSTITUTI,≤100
101822944998763,The Whistleblower,"Whistleblower Media Group, LLC",≤100
1039247939544707,1440 Daily Digest,1440 Media LLC,≤100
377247662301741,The Louisiana Record,The Record,≤100
1376465702586897,Coloradans for Responsible Energy Development,Coloradans for Responsible Energy Development,≤100
7292655492,MoveOn,MOVEON.ORG POLITICAL ACTION,≤100
105120815642998,Partnership to Address Global Emissions,PARTNERSHIP TO ADDRESS GLOBAL EMISSIONS INC,≤100
166194476728392,Center Street,"Hachette Book Group, Inc.",≤100
56661991371,Woods Hole Oceanographic Institution (WHOI),Woods Hole Oceanographic Institution,≤100
104396194587918,C3 Solutions,Conservative Coalition for Climate Solutions,≤100
170591064699,Southern Poverty Law Center,"SOUTHERN POVERTY LAW CENTER, INC., THE",≤100
187741797907314,The American Society of Anesthesiologists (ASA),"AMERICAN SOCIETY OF ANESTHESIOLOGISTS, INC., THE",≤100
279799525443906,HELPS Nonprofit,HELPS Nonprofit Law Firm,≤100
2361139837508625,Animal Victory,"One Red Lion, Inc DBA Animal Victory",≤100
128334087241432,Todd Starnes,Starnes Media Group LLC,≤100
107308698272177,Gas Leaks Action,Gas Leaks Action,≤100
291141624664794,Bright Body,Bright Body,≤100
27817332304,American Foundation for Suicide Prevention,AMERICAN FOUNDATION FOR SUICIDE PREVENTION,≤100
601249690070354,forestproud,#forestproud | North American Forest Partnership,≤100
149081336362,AmeriCorps VISTA,Corporation for National & Community Service,≤100
100607179026941,Of Thee I Sing 1776,Harold Gershowitz,≤100
100284648021034,New Tolerance Campaign,New Tolerance Campaign,≤100
161787167204601,National Hydropower Association,"NATIONAL HYDROPOWER ASSOCIATION INC, THE",≤100
145600045454810,Arlington ISD,Arlington ISD,≤100
100282722850050,Agencia Andale Seguro,Jimenez and Financial Group LLC,≤100
100517736205311,MTM,MIKE TER MAAT FOR PRESIDENT,≤100
104316462367899,Kevin Cochrane for Fort Lauderdale District 4 City Commissioner,"Kevin Cochrane, nonpartisan, for Fort Lauderdale City Commission, District 4",≤100
101724402501687,Megumi愛.,These ads ran without a disclaimer,≤100
101319825565305,Lacayo Group Inc,LACAYO GROUP INC,≤100
105861441295494,97Percent,97PERCENT ORG INC,≤100
173347889382554,UZ Marketing,UZ Marketing,≤100
59783434599,Hasbara Fellowships,HASBARA FELLOWSHIPS,≤100
349800859019034,The 19th News,The 19th,≤100
61265398450,AmeriCorps NCCC,Corporation for National and Community Service,≤100
100692068471118,Explain America,Apse Media LLC,≤100
104319892920,Michigan Republican Party,"the Michigan Republican Party with regulated funds. Not authorized by any candidate or candidate's committee. 520 Seymour Ave, Lansing MI 48933",≤100
1399099193667071,WP Creative Group,WP BrandStudio,≤100
100500465282483,Breaking Battlegrounds,September Group LLC,≤100
82223469060,ACN - Aid to the Church in Need,"AID TO THE CHURCH IN NEED, INC.",≤100
118303441570966,Homeowner Smart,NATIONAL ASSOCIATION OF REALTORS,≤100
221890358218748,Til Valhalla Project,These ads ran without a disclaimer,≤100
101581329115492,Freedom Street,Jason Donald Robertson,≤100
112642477582238,Mericanaf,AAF Nation,≤100
204626306331350,Up to Us,NET IMPACT,≤100
1219895884702640,Popcorn for the People,LET'S WORK FOR GOOD,≤100
102047517918,The Commonwealth Fund,"COMMONWEALTH FUND, THE",≤100
154930410085,"Zion Oil and Gas, Inc.","Zion OIl & Gas, Inc.",≤100
464998390249008,The Independence Fund,"INDEPENDENCE FUND, INC, THE",≤100
160630887998827,Let Them Live,Nathan Montgomery Berning,≤100
201956993160690,MRCTV,MEDIA RESEARCH CENTER,≤100
103452279103881,Ambassador Gordon Sondland,Gilbert Lunsford Jr Eugene,≤100
108028728590880,CTLPod,POPULATION MEDIA CENTER INC,≤100
442159053368561,Women Speak Out PAC,Women Speak Out PAC,≤100
662962894077729,The Well News,The Well News,≤100
1476342155924546,Big Rig Threads,Big Rig T-Shirts and Decals LLC,≤100
238473269650980,Capital & Main,CAPITAL & MAIN,≤100
103983691875963,Building Healthy Families,CANAVAN FOUNDATION INC,≤100
971668776283950,PolicyEd,HOOVER INSTITUTION,≤100
108155598473433,American Patriot News,Krista D Bloch,≤100
7191206138,ASPCA,ASPCA,≤100
69611504313,Simon & Schuster,Simon and Schuster,≤100
103328515934791,Take Back 2024,The Blue State Conservative,≤100
265584563563176,JCRC of Greater Washington,The Jewish Community Relations Council of Greater Washington,≤100
113341457791145,Voices for Healthy Green Spaces,Voices for Healthy Green Spaces,≤100
100168566232753,IRS Helper,Leads Team LLC,≤100
698400060189827,Dan Sullivan,Alaskans for Sullivan,≤100
999015486922043,Elvin Villalobos,Elect Elvin Villalobos,≤100
80770833881,Eagles' Wings,EAGLES' WINGS MINISTRIES,≤100
802940926528399,Francisco Paulino,Francisco E Paulino,≤100
105060269781,Premiere Collectibles,"Premiere Marketing, Inc.",≤100
14226615647,People For the American Way,People For the American Way,≤100
361960287311696,Better Medicare Alliance,"Better Medicare Alliance, Inc",≤100
928091877203916,Independent Women's Network,Independent Women's Network,≤100
121796696176,Pure Earth,"BLACKSMITH INSTITUTE, INC.",≤100
100403528653081,Punchbowl News,Punchbowl News,≤100
1914537155242810,Life: Powered,Texas Public Policy Foundation,≤100
105334892381660,AmericanTowns Politics,AMERICAN TOWNS,≤100
109123378562348,Georgia Honor,GEORGIA HONOR,≤100
105975318453101,LEADAmerica.org,Leadership to Ensure the American Dream,≤100
1050320055029012,Outrider.org,OUTRIDER FOUNDATION INC,≤100
107326878275017,National Pretrial,National Pretrial,≤100
248181906078243,National Institute for Civil Discourse,CommonSense American,≤100
531816743627392,GROHE,These ads ran without a disclaimer,≤100
181924628560212,SumOfUs,SumOfUs,≤100
136362309708243,Restaurant Opportunities Centers United (ROC United),"RESTAURANT OPPORTUNITIES CENTERS (ROC) UNITED, INC.",≤100
234142976633158,Wake Up World & Smell the Coffee,Edith Dume Lerner,≤100
403737406341879,National Women's Health Network,NATIONAL WOMENS HEALTH NETWORK,≤100
97466887664,Innocence Project,"INNOCENCE PROJECT, INC., THE",≤100
109297388592738,One Health Plus,One Health Plus,≤100
104660195062596,Gen Z Conservative,Michael Scott Hughes,≤100
126893748252841,American Firearms Association,American Firearms Coalition,≤100
103592378623592,Truth Over Tribe,Truth Over Tribe,≤100
417522508294454,Job Creators Network,Job Creators Network,≤100
830890360316751,Nick Hanauer,Civic Action,≤100
106893981453425,Future of Cities,FOC FUND MANAGER QOZB LLC,≤100
110700067011185,No Dem Left Behind PAC,NO DEM LEFT BEHIND PAC,≤100
350760398417862,National Education Association of New Mexico,"National Education Association of New Mexico, Inc.",≤100
100365701954291,Money Saving ideas,Finance Observers Group,≤100
824542604252069,Erick Erickson,Erick Erickson LLC,≤100
111044621745187,Liberty News,Michael Scott Hughes,≤100
1679521432262834,Physicians Grassroots Network,American Medical Association,≤100
103828241312020,Sarasota County Democratic Jewish Caucus,Sarasota County Democratic Party Jewish Caucus,≤100
86711894400,National Write Your Congressman,National Write Your Congressman,≤100
102784342640570,Better Nation Guide,Hot Review Products,≤100
199891603386344,Common Ground Committee,Common Ground Committee,≤100
772624976214511,Florida Record,The Record,≤100
104178704279594,Main St. First,Resource Media,≤100
16900111951,National Organization for Women (NOW),NATIONAL ORGANIZATION FOR WOMEN,≤100
59797458205,The Jimmie Hale Mission,JIMMIE HALE MISSION,≤100
186291828074120,Drexel University,Drexel University,≤100
15503839732,Peter G. Peterson Foundation,Peter G. Peterson Foundation,≤100
830162603716633,Andy Beshear,Andy Beshear for Governor,≤100
499379343409991,Impact Fund,"IMPACT FUND, THE",≤100
106862204671108,The Deplorable Americans,Justin Gustafson,≤100
226999127329906,New York Immigration Lawyer,Law Office of Alena Shautsova,≤100
138912859468156,Vet Voice Foundation,Vet Voice Foundation,≤100
122671561263552,Committee for Better Banks,"COMMUNICATIONS WORKERS OF AMERICA, AFL-CIO, CLC",≤100
110003135240961,Pride of America,Pride of American,≤100
525242127682576,Jan Schneider,FRIENDS OF JAN SCHNEIDER,≤100
250937275581234,Problk Health,Problk Health LLC,≤100
285017061510900,The Ants and the Grasshopper,Generation Food,≤100
517185715005608,Milbank LLP,Milbank LLP,≤100
46396911959,Bethany Christian Services,BETHANY CHRISTIAN SERVICE,≤100
248422805193353,The California Endowment,The California Endowment,≤100
100484735718366,The Coalition for Carolina,Coalition for Carolina,≤100
104977525752112,Freedom of Patriots,Freedom of Patriots,≤100
104861071996581,NextGen PAC,NEXTGEN CLIMATE ACTION COMMITTEE,≤100
101466816025710,Renew Healthcare,Quantum Digital Media Inc.,≤100
401240226922554,VoLo Foundation,VoLo Foundation,≤100
334953033857924,Telescope Health,Telescope Health,≤100
10145842306,The James Madison Institute,James Madison Institute,≤100
102596355656379,Red Wave News Updates,Michael Scott Hughes,≤100
11111618026,Union of Concerned Scientists,"UNION OF CONCERNED SCIENTISTS, INC.",≤100
2078647579047586,Project Pulso,Project Pulso,≤100
83221648429,The D'Addario Foundation,D ADDARIO MUSIC FOUNDATION INC,≤100
338758899543225,Alan Wilson,Alan Wilson for Attorney General,≤100
284293125336159,Regulatory Transparency Project,FEDERALIST SOCIETY FOR LAW & PUBLIC POLICY STUDIES,≤100
6165653060,AFSCME,AMERICAN FEDERATION OF STATE COUNTY & MUNICIPAL EMPLOYEES,≤100
655065784538368,PredictIt,"PredictIt - Prediction Markets. A project of Victoria University of Wellington, PredictIt has been established to facilitate research into the way markets forecast events.",≤100
1553978148244954,Build With Strength,Build With Strength,≤100
65538457518,The Village Square,"TO THE VILLAGE SQUARE, INC.",≤100
291102898490822,Conservative Comedy Store,Conservative Comedy Store,≤100
120778038066631,EveryLibrary,EveryLibrary,≤100
100806058498601,Long Lead,"Long Lead, LLC",≤100
139151419572310,Lance Gooden,LANCE GOODEN FOR CONGRESS COMMITTEE,≤100
386305465057247,Liberty Nation,Liberty Nation,≤100
80562389320,NARAL Pro-Choice America,NARAL PRO-CHOICE AMERICA CORP,≤100
131306317680000,Social Goods,"Social Goods, LLC",≤100
114301413446447,The Climate Initiative,Kennebunkport Climate Initiative,≤100
36091862898,The Mackinac Center for Public Policy,Mackinac Center for Public Policy,≤100
2245766435469741,Beersy,Beersy LLC,≤100
53797383417,The National Urban League,"NATIONAL URBAN LEAGUE, INC.",≤100
1634651343331439,Project Wren,Landon Scott Brand,≤100
87377228013,Side with Love,UNITARIAN UNIVERSALIST ASSOCIATION,≤100
95483488591,Democratic Party of Wisconsin,DEMOCRATIC PARTY OF WISCONSIN,≤100
312657362217994,Women's Heart Alliance,Women's Heart Alliance,≤100
106001278558202,For The Love Of News,Krista D Bloch,≤100
20603236087,Love146,"LOVE146, INC.",≤100
56332452163,AMA Patients Action Network,American Medical Association,≤100
205795426669644,Facts and Logic about the Middle East,Facts and Logic About the Middle East,≤100
143173285763,Tenth Amendment Center,Tenth Amendment Center,≤100
1018654714824453,Maccabee Task Force,Maccabee Task Force Foundation,≤100
5435784683,Greenpeace USA,"GREENPEACE, INC.",≤100
107194901037259,"I'm American, Born & Raised",Nicholas Pagnotta,≤100
1391863627720951,PILAglobal,These ads ran without a disclaimer,≤100
2070944712939738,American Police Officers Alliance,American Police Officers Alliance,≤100
114226275387369,republicEn,republicEn,≤100
262902450432,TeachKind,PEOPLE FOR ETHICAL TREATMENT OF ANIMALS INC,≤100
1667638686847579,The Collective PAC,COLLECTIVE FUTURE,≤100
123397377677195,"School of International Service, AU","School of International Service, American University",≤100
151894654697,Save Our States,Save Our States,≤100
18017481462,Acton Institute,Acton Institute,≤100
458643554482238,Uri Velez La Sra de los Seguros,Euridis Velez,≤100
188199457997873,Mass Impact,IMAGE TRINITY,≤100
1835838916635491,Transamerica Institute,Transamerica Center for Health Studies,≤100
14084625156,Susan G. Komen,Susan G. Komen,≤100
110010433804232,Standing For Freedom Center,Standing for Freedom Center,≤100
44357672795,Independent Institute,"INDEPENDENT INSTITUTE, THE",≤100
206202032757114,Nature and Culture International,NATURE AND CULTURE INTERNATIONAL,≤100
116884823952,Vulnerable People Project,HERO Inc.,≤100
101350839190816,Macro Conservative,Macro Conservative,≤100
87777747127,Greg Palast,Palast Investigative Fund,≤100
272917344070,Snap! Orlando,These ads ran without a disclaimer,≤100
141169844763069,US Cannabis Council,United States Cannabis Council,≤100
293884600987101,NAACP Clearwater/Upper Pinellas County Branch,NAACP Clearwater Upper Pinellas County Branch,≤100
126379917403141,UnitedHealthcare Empowering Health,Intersport Inc.,≤100
339432396135584,The Exodus Road,The Exodus Road,≤100
100123286264769,Tanner DiBella,American Council for Evangelicals,≤100
1752689034960996,The Babylon Bee,THE BABYLON BEE LLC,≤100
300771948461,County Health Rankings & Roadmaps,County Health Rankings & Roadmaps,≤100
106746992189224,The State of Women Podcast,POPULATION MEDIA CENTER INC,≤100
36085812354,Rainforest Foundation US,"Rainforest Foundation, Inc.",≤100
121027551323580,"City of Phoenix, AZ USA",City of Phoenix,≤100
182723117043,Chicago Council on Global Affairs,CHICAGO COUNCIL ON GLOBAL AFFAI,≤100
169042736456594,All Out,All Out Action Fund.,≤100
1158623177494649,Changing Tides Foundation,CHANGING TIDES FOUNDATION,≤100
27461595703,Carbonfund,Carbonfund.org Foundation,≤100
101312698628642,Ryan Samuels,Ryan Francis Samuels,≤100
6954880804,Green America,GREEN AMERICA,≤100
15687409793,World Wildlife Fund,World Wildlife Fund,≤100
102712325850529,Libratum Press,Libratum Press LLC,≤100
710669049286394,Woo the People,Woo the People,≤100
524399207959953,Truth & Liberty Coalition,Truth & Liberty Coalition,≤100
303374266418976,AFPM,American Fuel & Petrochemical Manufacturers,≤100
279890513018,Islamic Networks Group - ING,"ISLAMIC NETWORKS, INC.",≤100
150468198331534,The David Pakman Show,The David Pakman Show,≤100
224346480985378,Convergence Magazine,Convergence Magazine,≤100
141604855870718,abrdn,These ads ran without a disclaimer,≤100
106582384539447,Design for Freedom by Grace Farms,"GRACE FARMS FOUNDATION, INC.",≤100
103546351703577,Dallas Express,Dallas Express Media,≤100
107646992144084,Vincenzo Odoguardi - MAIE,MARCO BALDOCCHI GROUP INC,≤100
1731084720451495,Saprea,The Younique Foundation,≤100
278876378889211,Armenian Museum of America,"ARMENIAN MUSEUM OF AMERICA, INC.",≤100
104224114671958,Energy For Progress,THE AMERICAN PETROLEUM INSTITUTE,≤100
102245545464309,My Patriot  Post,Krista D Bloch,≤100
494259170754224,Keeping IDentities Safe,KEEPING IDENTITIES SAFE,≤100
309798029121030,Everytown for Gun Safety,Everytown for Gun Safety Support Fund Inc,≤100
174941115857811,Campaign for Southern Equality,Campaign for Southern Equality,≤100
102277115688995,Patriot News Headquarters,Krista D Bloch,≤100
55549065733,Voto Latino,VOTO LATINO INC.,≤100
119875179042,Josh Stein,Josh Stein for Attorney General,≤100
204851829969402,North Dakota Human Rights Film & Arts Festival,The Human Family,≤100
610264146298573,The American Council,The American Council for Evangelicals,≤100
112645607233942,Duval County Democratic Environmental Caucus of Florida,Duval County Democratic Environmental Caucus of Florida,≤100
148168225911268,Talk Test Treat Central Florida,Florida Department of Health in Orange County,≤100
345751305447288,Daugherty Water for Food Global Institute,Daugherty Water for Food Global Institute,≤100
227594571444676,Building New York's Best,"Carpenter Contractor Alliance of Metropolitan New York, Inc.",≤100
541807025833154,Malala Fund,Malala Fund,≤100
105692311896010,Positive Money US,Positive Money US,≤100
68634638883,The Salvation Army Great Lakes Division,The Salvation Army Eastern Michigan Division,≤100
300341323465160,The Daily Signal,HERITAGE FOUNDATION (THE),≤100
100866752814666,"Bold, Bright, And Brave","Bold, Bright, & Brave",≤100
100158948453494,Lars for President,LARS MAPSTEAD FOR PRESIDENT,≤100
192738164073627,A Better Balance,A Better Balance,≤100
1759469824070443,Rational Middle: Immigration,"Rational Middle Media Group, LLC",≤100
84112077638,Greater Good Charities,GREATERGOOD.ORG,≤100
115779641121757,Brad Wilson for Islip,Friends of Brad Wilson,≤100
1678616769061606,Southeastern Wind Coalition,Southeastern Wind Coalition,≤100
710460605705480,Dugit Outreach Center,Dugit Messianic Outreach Center,≤100
465501220622013,Lift Up the Vulnerable,Lift Up the Vulnerable,≤100
105269625578850,The Public Page for Ohio Physicians for Reproductive Rights,Ohio Physicians for Reproductive Rights,≤100
399060493533519,The Justice Foundation,JUSTICE FOUNDATION,≤100
183484875153093,Kim Monson Show,The Kim Monson Show,≤100
186104615328289,Growing and Going,Kunal Kumar Chugh,≤100
100806242836871,Preservation Pause,University of Arizona Indigenous Peoples Law and Policy Program,≤100
112378316832885,Better PA,Better Pennsylvania Inc,≤100
107722268674706,Cathy Hull,Cathy Hull Originals,≤100
108920208271190,Support Women Vet-her-ans,QueenVet Essentials. LLC DBA Support Women Vet-her-ans,≤100
915656035153394,Oceanites,OCEANITES INC,≤100
236312179825896,Republican Main Street Partnership,REPUBLICAN MAIN STREET PARTNERSHIP INC,≤100
1359505927455440,Global Health NOW,Johns Hopkins Bloomberg School of Public Health,≤100
1439497979614629,NH Retirement Security Coalition,NATIONAL PUBLIC PENSION COALITION,≤100
11602044174,Independent Women's Forum,Independent Women's Forum,≤100
108725508673742,Fire Dan Munsey,Inland Empire Taxpayers Association,≤100
506680536015406,HumanProgress.org,"CATO INSTITUTE, INC.",≤100
101103254533,SOS International,SOS International,≤100
107414074990650,Defense of Freedom Institute,"Defense of Freedom Institute for Policy Studies, Inc.",≤100
104657602040321,Truth Media,Truth Media,≤100
103546351703577,Dallas Express,The Dallas Express,≤100
107645227592678,To Which We Belong,Mystic Artists,≤100
17548474116,Reason Magazine,"REASON FOUNDATION, THE",≤100
117592091643709,Tree of Life Ministries｜Evangelism in Israel,Tree of Life Ministries,≤100
481331019059116,The Published Reporter,The Published Reporter,≤100
285668048130942,Measures for Justice,MEASURES FOR JUSTICE,≤100
107766235181961,The Nunn Report,The Nunn Report,≤100
309798029121030,Everytown for Gun Safety,Everytown for Gun Safety Action Fund Inc,≤100
659229570848902,Friends of Liberty State Park,Friends of Liberty State Park,≤100
84112077638,Greater Good Charities,These ads ran without a disclaimer,≤100
95426912609,Paola Gianturco Author,Paola Gianturco Author,≤100
122171757830704,Travel Research Online,Travel Research Online,≤100
589658204411894,Office of South Carolina Treasurer Curtis Loftis,Future Scholar. Administered by State Treasurer Curtis Loftis. Not paid for with state funds.,≤100
105105988010422,Globoplay,These ads ran without a disclaimer,≤100
150322194563,PASA Primates: Pan African Sanctuary Alliance,PAN AFRICAN SANCTUARIES ALLIANCE,≤100
211575795534483,Ohio Nature Conservancy,NATURE CONSERVANCY,≤100
104750679005557,Patriots Saving America,USA Features Media LLC,≤100
491750841251088,Filtrol,Wex Companies,≤100
12596759677,RAICES,REFUGEE AND IMMIGRANT CENTER FOR EDUCATION AND LEGAL SERVICES,≤100
110094158160834,Red Wave News,Michael Scott Hughes,≤100
78420171887,Sailors for the Sea,OCEANA INC,≤100
220538341415523,The Satanic Temple,The Satanic Temple,≤100
101586078357081,Peter Demos,Peter Demos,≤100
96826022393,Yale Environment 360,These ads ran without a disclaimer,≤100
67945990059,The American Petroleum Institute,The American Petroleum Institute,≤100
225902781414,William Gheen President of Americans for Legal Immigration,AMERICANS FOR LEGAL IMMIGRATION PAC,≤100
59254639983,Boston Medical Center,BOSTON MEDICAL CENTER,≤100
169710960125365,Curzio Research,Curzio Research,≤100
1027702813921248,EmbraceRace,EmbraceRace,≤100
180212755483311,Black Lives Matter,Black Lives Matter Global Network Foundation,≤100
439271970343,World Help,WORLD HELP,≤100
103830044798190,Gregorian Rant,Gregory Richard Schlueter,≤100
193166293135,Penguin Random House Audio,These ads ran without a disclaimer,≤100
107409909326665,Stephen Wise Free Synagogue,"WISE, STEPHEN FREE SYNAGOGUE",≤100
272448910078392,Illinois Petroleum Resources Board,ILLINOIS PETROLEUM RESOURCES BOARD,≤100
105891162806593,"Hach & Rose, LLP","HACH & ROSE, LLP",≤100
1338822066131069,Women's March,Women's March,≤100
273546779885377,The Gallant Pelham,"delupton, LLC",≤100
278434943062355,WellBeing International,"WellBeing International, Inc.",≤100
421661111195530,Spaz,Anthony Parziale,≤100
144850842237429,Independentvoting.org,Independent Voting (IndependentVoting.org),≤100
114517875225866,The Other 98%,OTHER 98 PERCENT ACTION,≤100
304842759546695,Brooklyn Institute for Social Research,Brooklyn Institute for Social Research,≤100
107931151953032,Kodie Kulp,Wesley Allen,≤100
1581819558516148,Nunn Bush,Weyco Group,≤100
26668999076,The Cato Institute,"CATO INSTITUTE, INC.",≤100
109951025170694,Libra Press Books,Libra Press,≤100
261951940219,Goldman Environmental Prize,Goldman Environmental Foundation,≤100
138492335404,Scott Walker,FORWARD USA FEDERAL POLITICAL ACTION COMMITTEE,≤100
1824016934350715,William Rodríguez - Especialista Energía Verde,These ads ran without a disclaimer,≤100
461530314600399,Common Sense American Politics,Common Sense American Politics,≤100
70795936969,Children International,CHILDREN INTERNATIONAL,≤100
103426858855557,Eyes That Speak by Christy Bowe,Gilbert Lunsford Jr Eugene,≤100
222909321977696,Consumer Action Network,"Consumer Action Network, Inc.",≤100
186097812110,BioNJ,BIONJ INC,≤100
117507751891,United Poultry Concerns,"UNITED POULTRY CONCERNS, INC",≤100
100913694925880,"Akalan Law Firm, PLLC","Akalan Law Firm, PLLC",≤100
1450419611843805,Thatcher Coalition,Thatcher Coalition,≤100
943569969049086,Javier Maza/ Consultor Politico,Luis Javier Maza Perez,≤100
1444820465547227,Rank the Vote,Rank the Vote,≤100
133913826633461,Grassroot Institute of Hawaii,Grassroot Institute of Hawaii,≤100
100981815983867,Power For The People,POWER FOR THE PEOPLE LLC,≤100
170169493012341,The Fund for Global Human Rights,FUND FOR GLOBAL HUMAN RIGHTS,≤100
100928241585558,National Jewish Advocacy Center,"NATIONAL JEWISH ADVOCACY CENTER, INC.",≤100
38812906703,United Friends of the Children,United Friends of the Children,≤100
104382528958356,Jenna Caldwell,Pubvendo,≤100
372799605421,DeSmog,DeSmog,≤100
236829849700741,Al-Monitor,AL-MONITOR,≤100
1832744013698336,Mahogany Mommies,Mahogany Mommies,≤100
322945079029,Glory Church International,GLORY CHURCH INTERNATIONAL,≤100
287011828006562,Nashville Tea Party,Nashville Tea Party,≤100
101308925134403,BlackPush Inc.,BlackPush Inc,≤100
243685455689811,PoliticIt,John David Johnson,≤100
192609620649,The University of Chicago,The University of Chicago,≤100
148731991811588,Baird,Robert W. Baird & Co. Incorporated,≤100
101503055364951,Islamorada Community Alliance,Islamorada Community Alliance Inc,≤100
342013181836,Americans for Prosperity - Virginia,AMERICANS FOR PROSPERITY,≤100
258186881053838,Dave Yarnes,Dave Yarnes,≤100
100710759119069,Blue Planet Ecosystem,Blue Planet Ecosystem,≤100
624637470884152,West Coast Convo,These ads ran without a disclaimer,≤100
206360852734005,New Mexico Wilderness Alliance,These ads ran without a disclaimer,≤100
2099448153445994,Students for Life Action,Students for Life Action,≤100
106348486169704,Moms for America,Moms for America INC,≤100
29423827874,Proclaiming Justice to the Nations,PROCLAIMING JUSTICE TO THE NATIONS INC,≤100
5878048748,GlobalGiving,"GLOBALGIVING FOUNDATION, INC.",≤100
105601571489370,Councilmember Larry Agran,"City of Irvine, Office of Councilmember Larry Agran",≤100
107251195285052,Florida's Right to Clean Water,Florida Right to Clean Water,≤100
110760245177659,Save America,Save America,≤100
101791315693,Destiny Rescue,"Destiny Rescue International, Inc.",≤100
29717379728,International Justice Mission,These ads ran without a disclaimer,≤100
282765295135322,The Pray in Jesus Name Project,"GJK, Inc. d/b/a The Pray In Jesus Name Project",≤100
81517275796,UNICEF USA,UNITED STATES FUND FOR UNICEF,≤100
162069790604,AARP Arizona,AARP,≤100
227594571444676,Building New York's Best,Carpenter Contractor Alliance of Metropolitan New York,≤100
102286035642350,Patriots for President Donald Trump,USA Features Media LLC,≤100
803317349816106,Michael Melham,Mayor Michael Melham,≤100
111528377844985,Better Capitalism,Partnering LLC,≤100
306480006853271,Political-Paige.com BLOG,Political-Paige.com,≤100
109475211795252,Freedom From The Press,Michael Scott Hughes,≤100
1432766956987952,iF International Forum Design,These ads ran without a disclaimer,≤100
513785465632396,Airline Passengers for Justice,Airline Passengers for Justice,≤100
896759427103774,Modern Medicaid Alliance,Modern Medicaid Alliance,≤100
106959920878115,The Well Done Foundation,"WELL DONE FOUNDATION, INC.",≤100
641136109294222,Georgia Life Alliance,Georgia Life Alliance Committee,≤100
43853729859,Campaigns & Elections,Political World Communications,≤100
114625730266879,The Republican Accountability Project,Defending Democracy Together,≤100
192771954102960,Jordan Sekulow,American Center for Law and Justice,≤100
102362435427686,OnlySky,Only Sky Media Inc.,≤100
101069596158938,My Coverage Helpline,These ads ran without a disclaimer,≤100
129278807814364,Women of Welcome,Women of Welcome,≤100
304492001817,Emma's Revolution,Sandra Elaine Opatow,≤100
223790528808,Trilogy Interactive,TRILOGY INTERACTIVE LLC,≤100
331661123551110,Leadership for Educational Equity,Leadership for Educational Equity,≤100
113091218713548,Mass Alliance,"MASS ALLIANCE, INC.",≤100
113545460414372,Carter Heyward,Carter Heyward,≤100
268672113155656,The Expectations Project,THE EXPECTATIONS PROJECT INC,≤100
14960614435,Ben Jealous,Gilbert Lunsford Jr Eugene,≤100
270826723039149,The Coalition to Protect Americas National Parks,"COALITION OF NATIONAL PARK SERVICE RETIREES, INC.",≤100
103338614839717,Peter S. Wenz,Peter S. Wenz,≤100
59876524199,The American Institute of Architects,These ads ran without a disclaimer,≤100
487569614682924,CAPP USA,Yellow Line Productions LLC,≤100
101810652152706,Ship It Zero,PACIFIC ENVIRONMENT AND RESOURCES CENTER,≤100
182586558444730,National Family Farm Coalition,NATIONAL FAMILY FARM COALITION,≤100
111333413863498,Freedom First Society,FREEDOM FIRST SOCIETY,≤100
101605354952785,Glenn Youngkin,Spirit of Virginia,≤100
150127528352944,Food Integrity Campaign,GOVERNMENT ACCOUNTABILITY PROJECT INC,≤100
272266799475724,HelpAge USA,These ads ran without a disclaimer,≤100
102315041409283,Horses in our Hands,In our Hands Action Fund,≤100
50826482890,YWCA Seattle King Snohomish,YWCA OF SEATTLE-KING COUNTY-SNOHOMISH COUNTY,≤100
110381494770198,United States Hispanic Business Council,United States Hispanic Business Council,≤100
302103665493,Catholic Charities of New York,Catholic Charities Archdiocese of New York,≤100
561970593860027,Emil Guillermo Media,Emil Amok Guillermo,≤100
586402784803665,OLÉ NewMexico,"OLE EDUCATION FUND, THE",≤100
104377518078467,More Perfect Union,MORE PERFECT UNION FOUNDATION,≤100
102254715563026,Paula Avila-Guillen,Women's Equality Center,≤100
103460648703389,Dorian Cromartie for NHC Schools,Bandorian Jameel Cromartie,≤100
27544763621,Prison Fellowship,Prison Fellowship,≤100
104197751646893,Fix The Cost Shift,Fix the Cost Shift,≤100
102252122442327,House On Fire,The CLEO Institute,≤100
101564054951838,We The Forest,We The Forest,≤100
146918864568,Illinois Farm Bureau,ILLINOIS AGRICULTURAL ASSOCIATION,≤100
108433238844,CWEB,CWEB Inc.,≤100
193950277300764,Louisiana Mid-Continent Oil & Gas Association (LMOGA),LOUISIANA MID CONTINENT OIL & GAS ASSOCIATION,≤100
99056648937,NIAC,NIAC Action,≤100
112203121682194,Deviate from Denial Book,Pubvendo LLC,≤100
243184199040637,Caring Across Generations,Caring Across Generations,≤100
131664893560695,Origins OSU,Origins: Current Events in Historical Perspective,≤100
101377889168483,Gumbo Limbo Coastal Stewards,"Gumbo Limbo Coastal Stewards, Inc.",≤100
222797534462862,Peter Boghossian,National Progress Alliance,≤100
109366181861530,President Trump is My Wingman,Jennifer Ann Robertson,≤100
683684194987945,"City of Largo, Florida USA",City of Largo,≤100
234628203317767,Made for Freedom,Made for Freedom,≤100
164343473415,"Veterans Benefits Administration (VBA), U.S. Department of Veterans Affairs",These ads ran without a disclaimer,≤100
99050726344,Phillips Theological Seminary,PHILLIPS THEOLOGICAL SEMINARY,≤100
204998436268114,Boyce Thompson Institute,Boyce Thompson Institute,≤100
108372618612821,Rough Maps Culture,These ads ran without a disclaimer,≤100
993294760683044,Education Reform Now,EDUCATION REFORM NOW ADVOCACY INC,≤100
286224862049910,Salim Adofo,Salim Kwabena Thandiwe Adofo,≤100
236744524920470,Net Positive,"Target Marketing Digital Marketing Agency, LLC",≤100
316014875258643,Green Amendments For The Generations,Green Amendments For The Generations,≤100
103460651712789,Equity Intersection,Equity Intersection,≤100
20237874656,Institute for Policy Studies,Institute for Policy Studies,≤100
130050797075084,Tampa Tiger Bay Club,Tampa Tiger Bay Club,≤100
100669759529540,Resist 46,Resist 46,≤100
261319066080,Americans for Prosperity - Ohio,AMERICANS FOR PROSPERITY,≤100
157521957980788,Reimagining the Civic Commons,Reimagining the Civic Commons,≤100
401240226922554,VoLo Foundation,These ads ran without a disclaimer,≤100
146428732129327,The Nature Conservancy in Florida,NATURE CONSERVANCY,≤100
7219151423,The Fund for American Studies (TFAS),FUND FOR AMERICAN STUDIES,≤100
452797224923658,The Democratic Coalition,THE DEMOCRATIC COALITION,≤100
197374340229,E2 - Environmental Entrepreneurs,E2 (Environmental Entrepreneurs),≤100
254943996005,Catholic Answers,"CATHOLIC ANSWERS, INC.",≤100
102797567875082,Erika Erickson Malinoski - Author,Erika Erickson Malinoski,≤100
609789112559190,Destroying Liberalism 101,Simon Davis,≤100
126815818975,Global Fund for Children,GLOBAL FUND FOR CHILDREN (THE),≤100
414456732055451,Faith in Action International,Faith in Action,≤100
1744209889166713,The Flag,"Tag The Flag, LLC",≤100
1470151473238140,Save the Boundary Waters,Northeastern MInnesotans for Wilderness,≤100
16968936858,ANCA,Armenian National Committee of America,≤100
17043549797,MIT Technology Review,"TECHNOLOGY REVIEW, INC.",≤100
210937299260017,USA Features Media,USA Features Media LLC,≤100
44409199155,Amazon Conservation Team,AMAZON CONSERVATION TEAM,≤100
107192055276617,Obsessed Gaming,These ads ran without a disclaimer,≤100
101618306074204,theblackmompage,These ads ran without a disclaimer,≤100
105538688731146,Box Programming,These ads ran without a disclaimer,≤100
407848989230502,The Rational Middle,"Rational Middle Media Group, LLC",≤100
2007361039550045,"Center for Free, Fair, and Accountable Democracy","CENTER FOR FREE, FAIR, AND ACCOUNTABLE DEMOCRACY, INC.",≤100
774145239362591,Positively Elkhart County,Jessica June Koscher,≤100
103535788939931,The Border Chronicle,The Border Chronicle,≤100
108913948693030,kmgmediaco,These ads ran without a disclaimer,≤100
113469840314962,SojoAction,SOJOURNERS,≤100
171287339973880,LCV Victory Fund,"LCV Victory Fund, 202-785-8683, and not authorized by any candidate or candidate’s committee",≤100
242919259765055,Rabbi Meir Soloveichik,TIKVAH FUND,≤100
215968684159,AFT - American Federation of Teachers,American Federation of Teachers,≤100
807604399259676,Metropolitan St Louis Equal Housing and Opportunity Council,ST LOUIS METROPOLITAN EHOC,≤100
88858633879,Beyond Pesticides,BEYOND PESTICIDES,≤100
104161315829096,misegurosaludnc,These ads ran without a disclaimer,≤100
398757490729,The National Network to End Domestic Violence,"NATIONAL NETWORK TO END DOMESTIC VIOLENCE, INC.",≤100
115851611042,The Max Foundation,THE MAX FOUNDATION,≤100
15139936162,Steven Crowder,These ads ran without a disclaimer,≤100
263311807031163,Sasha Issenberg,EmmKay Media,≤100
718254898306045,Illinois Economic Policy Institute,Illinois Economic Policy Institute,≤100
122177661170978,NewsOne,These ads ran without a disclaimer,≤100
1353722684643583,EPF Media,EPF Media,≤100
984421991732710,Paycheckology,Paycheckology,≤100
314964416195,American Seniors Association,AMERICAN SENIOR ASSOCIATION,≤100
430869277025501,Dr. Nancy O'Reilly,"WOMEN CONNECT4GOOD, INC.",≤100
25749319177,ACLUOhio,ACLU of Ohio,≤100
100124709108034,Patriot One News,Matt Clark Agency,≤100
184612575302734,Buy American Campaign,Buy American Campaign,≤100
100230599458504,Biosolids Digester Facilities Project,Biosolids Digester Facilities Project,≤100
696930446991476,Financialadviser.com,"All Phone Leads, Inc.",≤100
633469933820382,Marina Martinez Seguros,Marina Martinez,≤100
14233429764,the Jane Goodall Institute,"The Jane Goodall Institute for Wildlife Research, Education and Conservation",≤100
107131418817543,Roger Branson for State House,Roger Branson for State House,≤100
101713629193587,David Goerg -  Journalist,David Helaman Goerg,≤100
101761902238469,Edxa Group Life & Health LLC,These ads ran without a disclaimer,≤100
533667200028514,ELKS Lodge #1313,These ads ran without a disclaimer,≤100
544649299014023,Avalara MyLodgeTax,Avalara MyLodgeTax,≤100
103210743084765,Resonate,Resonate,≤100
169204449790211,Conservative News Today,BizPac Review,≤100
109323440966912,Protect Earth from Mars Sample Return,Thomas E Dehel,≤100
939142902771066,The American Leader,THE AMERICAN LEADER,≤100
594519783957655,Citizens for National Security,Citizens For National Security,≤100
147523538641547,Capitol Ministries,CAPITOL MINISTRIES,≤100
112247224687737,CLR Bruce Rivers,These ads ran without a disclaimer,≤100
160680027790462,Time 2 Tell,Time 2 Tell,≤100
236341397286388,Pique,Pique Media PBC,≤100
203852986391750,Steve Berch for Idaho,"Committee to Elect Steve Berch, Susan Eastlake, Treasurer",≤100
37442103053,ACLU of New Jersey,AMERICAN CIVIL LIBERTIES UNION OF NJ,≤100
109775918462591,JokeTown Mic Drops,These ads ran without a disclaimer,≤100
102235752654606,Idaho Energy Freedom,Idaho Energy Freedom,≤100
150559895031,Rapha International,"Rapha House International, Inc.",≤100
825571424125386,Lighthouse For Life,Lighthouse for Life,≤100
106386158767588,DOPE Quick Reads,DOPE QUICK READS LLC,≤100
345287113051000,Rich Rebuilds,These ads ran without a disclaimer,≤100
50714237985,The Rutherford Institute,RUTHERFORD INSTITUTE,≤100
286597537859,Global Health Technologies Coalition,Global Health Technologies Coalition,≤100
183472861249,Point Foundation,Point Foundation,≤100
128595617222254,Arcus Foundation - Great Ape Conservation,ARCUS FOUNDATION,≤100
1729198467311786,G.A. Matiasz,62 Mile Press,≤100
100755859429133,Guidehouse Consulting,These ads ran without a disclaimer,≤100
132705266805566,PINKO,These ads ran without a disclaimer,≤100
97332209201,REDF,REDF,≤100
164779816968453,Madison/St. Clair Record,The Record,≤100
568103006940639,Law Office of Gary J. Kim,Law Offices of Gary J. Kim,≤100
2259323457517498,Abolish the Electoral College,ABOLISH THE ELECTORAL COLLEGE,≤100
96286403078,iHeartDogs.com,HomeLife Media,≤100
152264148166020,Moms Clean Air Force,Moms Clean Air Force,≤100
110061211826988,Kids of Ukraine,These ads ran without a disclaimer,≤100
165674110118949,Clearing out the Clutter,Colin D Moore,≤100
100388289219720,Passions for our Tortured Planet,Brian Thomas Field,≤100
108731490859583,America's Work Force Union Podcast,"Bortini Management Associates, Inc.",≤100
100771985890036,Smarter,These ads ran without a disclaimer,≤100
260713150211,Protect Our Winters,Protect Our Winters,≤100
101149662460553,Avo Magazine,These ads ran without a disclaimer,≤100
19036504767,Center for Victims of Torture,"CENTER FOR VICTIMS OF TORTURE, THE",≤100
374217654110,CASA of Southwest Missouri,COURT APPOINTED SPECIAL ADVOCATES OF SOUTHWEST MISSOURI,≤100
105155545186714,Friends of Orono,Friends of Orono,≤100
100427345058411,Deliver Democracy,DELIVER DEMOCRACY,≤100
1888594211400974,Rachel Hood,Committee to Elect Rachel Hood,≤100
132196781670950,obamacareinsurance.fl,These ads ran without a disclaimer,≤100
110322138238412,Back the Blue Line,Front Line Support Inc.,≤100
103929304678916,Voter Action Project,Integrity First Voter Action Project,≤100
103605498122808,Elevate Community Events,Elevate,≤100
111839087214971,Vot-ER,VotER,≤100
115313960303691,The Tennessee Conservative,The Tennessee Conservative,≤100
172196636150714,"William F. Buckley, Jr. Program at Yale","William F. Buckley, Jr. Program",≤100
40201530406,American Society of the University of Haifa,James Samuel Fattal,≤100
199010435394,Turtle Island Restoration Network,Turtle Island Restoration Network,≤100
105502959483490,Remember in November,Antonina Rosa Gagliano,≤100
217187838327836,The Story Exchange,The Story Exchange Foundation,≤100
416384822549260,A Better Delaware,A Better Delaware,≤100
488740674837681,198 Methods,198 methods,≤100
338218229911752,Integrity First PAC,INTEGRITY FIRST PAC,≤100
282536788457423,"Center For Family Life and Recovery, Inc.","CENTER FOR FAMILY LIFE AND RECOVERY, INC.",≤100
133931303345903,Zach Klein,Klein Committee,≤100
311416732397078,"Правозахисний ЛГБТ Центр ""Наш світ"" / LGBT Human Rights NASH SVIT Center",These ads ran without a disclaimer,≤100
102762964438534,Prince Rav Yisrael For Sparta,Anayah Yisrael,≤100
138434734461,CIIS Public Programs,CIIS Public Programs,≤100
182658925089088,FINCA,These ads ran without a disclaimer,≤100
1420200111329836,Alan C. Moore,Alan Christopher Moore,≤100
101067635640706,Waytruthlifelove,Jonathan Nelson,≤100
89061102607,Plastic Cars,These ads ran without a disclaimer,≤100
358113240871900,Nuclear Energy Institute,"NUCLEAR ENERGY INSTITUTE, INC.",≤100
1491158324493583,Genesis PrimeCare,GENESIS PRIMECARE,≤100
352529216413,Institute for Social Policy and Understanding - ISPU,INSTITUTE FOR SOCIAL POLICY AND UNDERSTANDING (ISPU),≤100
773432316041673,Calvary South Austin,Calvary South Austin,≤100
562951500544269,Go Finger Lakes,FINGER LAKES LAND TRUST INC,≤100
107859805329131,Heather Wills for 18th Ward Chicago,Neighbors for Heather Wills,≤100
139835646030666,Alliance for Aviation Across America,Alliance for Aviation Across America,≤100
1406745916238169,NAAMAT INTERNATIONAL,These ads ran without a disclaimer,≤100
111904024679959,Bold Majority,BOLD MAJORITY PAC,≤100
449532451834913,Fishers Finery,Fishers Finery,≤100
262610761306,Counterpoint Press,Counterpoint Press,≤100
1448985902033866,Trans Lifeline,Trans Lifeline,≤100
276076196388914,Coffee & Pan Dulce Show,Coffee & Pan Dulce Show,≤100
353237777925,Pennsylvania House Dems,Pennsylvania House Democratic Campaign Committee,≤100
1443911602577177,James Brown for City Council,Campaign Fund for James Brown,≤100
151057528363990,Mission Springs Water District,Mission Springs Water District,≤100
109688445137725,Ron DeSantis News and Updates,Logan Thomas Corson,≤100
294508332028,Lakota People's Law Project,ROMERO INSTITUTE,≤100
115518893453702,BrightAction,Climate Solutions Net,≤100
6817268395,Campus Pride,CAMPUS PRIDE INC,≤100
101222089314026,Lulu Water,These ads ran without a disclaimer,≤100
137606354090,South Carolina Republican Party,SOUTH CAROLINA REPUBLICAN PARTY,≤100
118635175464489,uPolitics,"Uinterview, Inc.",≤100
106461668615930,Wonder River,These ads ran without a disclaimer,≤100
101111655405022,The Rationist,Timothy Robert Ferguson,≤100
532667236789883,Shoebear Planet,Dennis I Waters,≤100
83960796709,Institute for Southern Studies,INSTITUTE FOR SOUTHERN STUDIES INC,≤100
173266720288435,Galan Law Firm,Galan Law Firm PLLC,≤100
195261533834361,Friends of Animals,"FRIENDS OF ANIMALS, INC.",≤100
10524033745,Remote Area Medical - RAM,REMOTE AREA MEDICAL,≤100
101204378825808,Fight the Right,FIGHT THE RIGHT PAC,≤100
121710673644,Business Fleet,These ads ran without a disclaimer,≤100
102246965962562,Warrior 40K,These ads ran without a disclaimer,≤100
109374912424067,Drew McKissick,DrewMcKissick.com,≤100
312168682119,The Commonwealth Institute For Fiscal Analysis,"COMMONWEALTH INSTITUTE FOR FISCAL ANALYSIS, THE",≤100
1406149713044974,Intellectual Judaism,Intellectual Judaism,≤100
234061016646684,Friedman & Houlding LLP,Friedman & Houlding LLP,≤100
105895928965155,imchefgucci,These ads ran without a disclaimer,≤100
117214891638398,Street Grace,Street Grace Inc,≤100
111564223958042,Ending Disease Documentary,Crushed Planet,≤100
126305280752104,Slavic Gospel Association,These ads ran without a disclaimer,≤100
207833736045744,MHAction.org,Patrick R. McHugh,≤100
1099696533401825,Dalit Diva,These ads ran without a disclaimer,≤100
236682687005525,Inola church of Christ,Billy Mac Keele,≤100
110340331742946,Lola M Adeyemo,Pubvendo,≤100
107162541028558,Justice For The People PAC,Dear JCPS LLC,≤100
108108121456950,Blue States PAC,BLUE STATES PAC,≤100
254951067939920,The Land Institute,THE LAND INSTITUTE,≤100
674182529399211,Gun Owners Radio,Gun Owners Media LLC,≤100
112912573793125,Rise Up for Justice,Avrom L Altman,≤100
173997930056919,Judd Strom,Judd Larkin Strom,≤100
398128130745195,Atash,These ads ran without a disclaimer,≤100
260713150211,Protect Our Winters,PROTECT OUR WINTERS,≤100
416913748508616,We Welcome,We Welcome Refugees,≤100
195564470605699,Mayor Yxstian Gutierrez,Gutierrez for Supervisor 2022,≤100
113417134335063,The Radical Independent,Christopher William Jerome,≤100
1674259952634958,Kevin Walsh,Kevin Walsh for Kyrene School Board,≤100
109068551731974,Sillychillly,Marc Alan Goldstein,≤100
1138048899572104,Ja'Mal Green,Go Green Chicago,≤100
100500609491331,"Rod Thompson for Virginia House of Delegates, 84th District",Rod Thompson for HD-84,≤100
381144248486,Arizona Small Business Association,Arizona Small Business Association,≤100
38236386996,LSU Press,LSU Press,≤100
288369791569,SEIU 721,SEIU Local 721,≤100
1571453109770170,Reclaim The American Dream,Reclaim The American Dream,≤100
172683773493,CornerHouse,CORNER HOUSE,≤100
101573561281902,Citizen Raja,These ads ran without a disclaimer,≤100
186314388125261,National Council of Jewish Women Arizona,National Council of Jewish Women Arizona,≤100
324438034861159,Passive House Accelerator,These ads ran without a disclaimer,≤100
503699929651019,Washington Times Opinion,Washington Times,≤100
102353455842986,collegecontemporary,These ads ran without a disclaimer,≤100
230180824062538,Councilman Anand Shah,Anand U Shah,≤100
30139072158,CARE,These ads ran without a disclaimer,≤100
100184235633007,Summit Carbon Solutions,"Summit Carbon Solutions, LLC",≤100
711478725532801,Civiqs,Civiqs,≤100
107796900837960,Beneficios para Inmigrantes,These ads ran without a disclaimer,≤100
538097626210505,Alliance for Gun Responsibility,These ads ran without a disclaimer,≤100
1580420632187681,Wisconsin State Representative David Steffen,Office of Representative David Steffen,≤100
102408656032907,One Way insurance Oficial,These ads ran without a disclaimer,≤100
1849556888601707,Nasty Women Writers,Theresa Carmen Dintino,≤100
73970658023,International Rescue Committee,International Rescue Committee,≤100
487571108071357,Affordable Healthcare Coalition of NC,Affordable Healthcare Coalition of NC,≤100
101395456078440,firstfifteenla,These ads ran without a disclaimer,≤100
103723838612095,A Weekend In,These ads ran without a disclaimer,≤100
111453151592849,Permanent Majority,PERMANENT MAJORITY,≤100
184972145258620,Walton County Politics,Cindy Ann Meadows,≤100
211901856263434,Conservatives for a Clean Energy Future,Paid for by Conservatives for a Clean Energy Future,≤100
615867588540441,Will Hurd,Will Hurd,≤100
407767916003589,U.S. Representative John Carter,Office of U.S. Representative John Carter,≤100
1165122570296957,Phoenix Zones Initiative,Phoenix Zones Initiative,≤100
110133700706695,2 Queers In A Truck,2 Queers In A Truck,≤100
1727980437413400,Partnership to Advance Cardiovascular Health,Partnership to Advance Cardiovascular Health,≤100
168997603171090,Voices  for Children Advocacy Center,Voices for Children Advocacy Center,≤100
102262718547519,Crazy Uncle Gil,Gilbert Cuevas,≤100
123651254408327,Sokolove Law,"Sokolove Law, LLC",≤100
101590515302106,Our Funny Little Site Community,These ads ran without a disclaimer,≤100
104916968538177,TIS 이주공사,TIS VISA CORPORATION,≤100
175684735839705,Democrats Working Together,Sara Lynn Mays,≤100
124115965454,Cornerstone Action,Cornerstone Action,≤100
305730296471268,"Delegate Emily Brewer, 64th District",Friends of Emily Brewer,≤100
115238122142232,Myskinismysin,These ads ran without a disclaimer,≤100
164223783681838,Tax Talk Today,"Tax Talk Today, Inc.",≤100
340000075813,Jewish Cleveland,JEWISH FEDERATION OF CLEVELAND,≤100
1556481434584901,Paul Xavier,These ads ran without a disclaimer,≤100
107874118714201,elevationsrtc,These ads ran without a disclaimer,≤100
887139178003592,The Dean Obeidallah Show,The Dean Obeidallah Show,≤100
101323472154178,The House Cuisine,These ads ran without a disclaimer,≤100
101488112733136,Bright Body Baby,Bright Body Baby,≤100
101896504774473,"Patricia ""Trish"" Giordano Geary County Commissioner District 1",Patricia Giordano,≤100
112602535494455,The Reporters Inc,REPORTERS INC,≤100
312870062895448,StateThugs,StateThugs.com,≤100
100273805531723,New Pennsylvania Project,New Pennsylvania Project,≤100
86113944974,Brooklyn Community Pride Center,Brooklyn Community Pride Center,≤100
2165441450136848,"Issues with Mail Order Pharmacy, Corporate Retail Pharmacy, & PBMs",Unite For Safe Medications,≤100
531368367387817,Point Blank Political,"Point Blank Political, LLC",≤100
555542987983302,Rank the Vote Oklahoma,Rank the Vote Oklahoma,≤100
161107820658032,La Red Hispana,These ads ran without a disclaimer,≤100
102155495001968,1000 Women Strong,1K Women Strong Inc,≤100
98828483195,Safe Horizon,These ads ran without a disclaimer,≤100
112975753840694,Women's Fund of Greater Fort Wayne,Stephen James Bailey,≤100
102432685699079,Dr. Sydnee Smirl McElroy for House of Delegates,McElroy for House of Delegates,≤100
103948701221001,Pro-Life Flag Project,Pro-Life Flag Project,≤100
1419388578092947,Anna Paulina Luna,AAF Nation,≤100
104588501956718,Artcohenauthor,Arthur Louis Cohen,≤100
105990415642100,DeSantis Supporters,Logan Thomas Corson,≤100
203294399456,Public Interest Registry,These ads ran without a disclaimer,≤100
101437601951447,The Georgia Virtue - Bulloch,The Georgia Virtue,≤100
337017506309686,"City of Spartanburg, SC",City of Spartanburg,≤100
174421976239406,TJP Strategies,TJP Strategies,≤100
101939781315530,ThePeel.news,ThePeel.news,≤100
103933818399146,Beautiful Trends Today Collection,These ads ran without a disclaimer,≤100
284459508239276,A Wider Bridge,These ads ran without a disclaimer,≤100
107745051538338,A Little Laughter Everyday,These ads ran without a disclaimer,≤100
373235096030149,California Biotech Foundation,California Biotech Foundation,≤100
105495775564367,President Trump Updates,Logan Thomas Corson,≤100
148726395812,Orange County Water District,ORANGE COUNTY WATER DISTRICT,≤100
381578445243960,Kristan Hawkins,"STUDENTS FOR LIFE OF AMERICA, INC.",≤100
1443003955838087,No Surrender NY,NO SURRENDER NY,≤100
109203105134753,Philly Fair Warehouses,PHILADELPHIA AREA JOBS WITH JUSTICE,≤100
193821064126287,Hustle For Humanity,Hustle For Humanity,≤100
269937067004602,Jerred Price for Memphis City Council Super Dist. 8,Jerred Price,≤100
1191336950894416,City of Carlsbad NM Government,Social Media Manager,≤100
119216091518705,Protect The Harvest,Karen Elizabeth Glueck,≤100
100187822111272,Our Funny Little Site Online,These ads ran without a disclaimer,≤100
109465560444254,Roce Today,I-ROCE LLC,≤100
105714978634741,Bool Stories,These ads ran without a disclaimer,≤100
107418177702609,Middle America News,Logan Thomas Corson,≤100
108839063918549,Hester for State Rep,Hester for State Rep,≤100
168370034209,Detroit Branch NAACP,National Association for the Advancement of Colored People 3134 Detroit Central Branch,≤100
105972201560763,kenny.vaden,These ads ran without a disclaimer,≤100
1881534942159746,Comedian Jeremy Nunes,Front Porch Entertainment Inc,≤100
139750829487836,Иисус без границ,JESUS UNLTD,≤100
65364914445,Oklahoma Council of Public Affairs,"OKLAHOMA COUNCIL OF PUBLIC AFFAIRS, INC.",≤100
91396988467,Republican Party of Texas,Republican Party of Texas,≤100
245064808869530,Bay Area Community Health Advisory Council,COMMUNITY INITIATIVES,≤100
330616501124211,Drew Murray 4 PHL City Council At-Large,Friends of Drew Murray,≤100
50498162578,Legal Aid Justice Center,Legal Aid Justice Center,≤100
152065518140304,Wildlife Conservation Society,Wildlife Conservation Society,≤100
103974389650244,Amenders for Federal Spending Control,Mark Albert Meier,≤100
187713745097888,Save the Alamo,Save The Alamo Committee,≤100
79683428354,Animals' Angels USA,ANIMALS ANGELS INCORPORATED,≤100
108137281427391,MIT Designing and Building AI Products and Services,These ads ran without a disclaimer,≤100
133188206691411,The Perfect World Foundation,These ads ran without a disclaimer,≤100
126596058740613,Water Climate Trust,These ads ran without a disclaimer,≤100
64468870451,Premiere Speakers Bureau,Premiere Speakers Bureau,≤100
66237904047,Marine Fish Conservation Network,Marine Fish Conservation Network,≤100
1914561178824972,Trumped,Christopher Charles Cooper,≤100
101672329381420,Northeast Wisconsin Patriots,Diane Carol Bast,≤100
109643217946821,Independent Thinkers USA,CLAUDE DAVI9JZZZ BOROWSKY,≤100
41441231960,Southern Alliance for Clean Energy,SOUTHERN ALLIANCE FOR CLEAN ENERGY,≤100
108046638699583,miss_lawtinoco,These ads ran without a disclaimer,≤100
205238189588054,"Race, Racism and the Law",Professor Vernellia Randall,≤100
123323833895,"Chris Johnson, writer & humorist",Kudzu Kid Press,≤100
579929718814187,Hospital Workers Rising,SEIU HEALTHCARE PENNSYLVANIA,≤100
79743808136,NAIS -- National Association of Independent Schools,These ads ran without a disclaimer,≤100
304752497053633,Traction,TRACTION,≤100
237644275109,Voices for Utah Children,Voices for Utah Children,≤100
104775027706678,Assemblywoman Sarah Clark - AD 136,Sarah Clark for Assembly,≤100
114496521992787,The Bridge Way School,These ads ran without a disclaimer,≤100
104290518941686,Pal Stories,These ads ran without a disclaimer,≤100
113451652001328,Harvest Rock Church,HARVEST ROCK CHURCH,≤100
552620208132666,Public Water Now,Public Water Now,≤100
316747825721349,Rollic,These ads ran without a disclaimer,≤100
261427534218882,we are,WORKING TO EXTEND ANTI-RACIST EDUCATION,≤100
100987805660506,Home Saving Tips,These ads ran without a disclaimer,≤100
877481359045751,Lets Green CA,ROMERO INSTITUTE,≤100
108893185372747,California Clean Energy Project,These ads ran without a disclaimer,≤100
102147391895467,Every Day Koala Updates,These ads ran without a disclaimer,≤100
1137113289698709,Dale Mabry,"Dale Mabry Enterprises, Inc.",≤100
109710055034733,Dene Michael 80s Pop Star,These ads ran without a disclaimer,≤100
175043815978954,Liv Cycling,These ads ran without a disclaimer,≤100
419172532191894,Beyond Plastics,Beyond Plastics,≤100
103541388418070,Every Day Koala News,These ads ran without a disclaimer,≤100
123792245829,Operation Light Force,These ads ran without a disclaimer,≤100
112049045482456,Mobile Chamber,MOBILE AREA CHAMBER OF COMMERCE,≤100
143845722337681,Westminster Town Hall Forum,WESTMINSTER PRESBYTERIAN CHURCH,≤100
206842149343702,The Alliance for Middle East Peace (ALLMEP),Nicholas Ernesto Acosta,≤100
126037931371545,Law Offices of Jonathan K. Park & Associates,Law Offices of Jonathan K. Park & Associates,≤100
103380975817625,Tepotzotlan con Delfina,These ads ran without a disclaimer,≤100
2038477456439436,Veterans for Responsible Leadership,Veterans For Responsible Leadership,≤100
104129018193122,Atalaya Armstrong the Advocate,Atalaya T Armstrong,≤100
169840807024913,Jobob,The Jobob Show,≤100
106017354975472,Urban Voicez Podcast,These ads ran without a disclaimer,≤100
1832245947018802,Chris Rose for US Senate - WV,ROSE FOR WEST VIRGINIA,≤100
1888806214722917,Erie County Anti-Stigma Coalition,Erie County Anti-Stigma Coalition,≤100
110463704610731,Cute Kiwi,These ads ran without a disclaimer,≤100
262164587131475,Free martial arts material for your own local school teachers to use,Ryan Gilbert,≤100
347179776373689,Our Funny Little Site Hub,These ads ran without a disclaimer,≤100
192738164073627,A Better Balance,A BETTER BALANCE,≤100
249467225254927,The Love > hate Project,LOVE GREATER THAN HATE PROJECT,≤100
112022491619318,American Apex News,Logan Thomas Corson,≤100
189044857936094,Americans For Prosperity - Alaska,AMERICANS FOR PROSPERITY,≤100
1659839120934140,OutCare Health,"OUTCARE HEALTH, INC.",≤100
108738335247177,Papa Jo,These ads ran without a disclaimer,≤100
77688524017,Truman Library Institute,HARRY S TRUMAN LIBRARY INSTITUTE,≤100
599440446852355,Julie Roys,These ads ran without a disclaimer,≤100
405781729459233,Billy Jones,Friends of Billy Jones,≤100
300879470268608,Connecticut HDCC,CTMT,≤100
112829637116981,Flags For Good,Flags For Good LLC,≤100
105839085514988,Hatynka Foundation,These ads ran without a disclaimer,≤100
1621211201473752,OKTreasure.com,Oklahoma State Treasurer's Office,≤100
125937197447634,ACTA - American Council of Trustees and Alumni,AMERICAN COUNCIL OF TRUSTEES AND ALUMNI,≤100
106986341085385,MLE Of The Maury Seldin LLC,MLE Of The Maury Seldin LLC,≤100
198119286865213,Austin Interfaith,AUSTIN INTERFAITH,≤100
110748051487386,Oregonians for Choice at the Pump,Northwest Grocery Association,≤100
106736518803332,The Curry Solidarity Team,The Curry Solidarity Team,≤100
100588181565071,Stephanie Vigil for Colorado House,Committee to Elect Stephanie Vigil,≤100
162770253735982,Roger Ebert,These ads ran without a disclaimer,≤100
1499911393420824,Welcoming Cumberland Presbyterians,Michael Allen Leslie,≤100
106166677785090,Pelican Action,Pelican Action,≤100
316412886964,Michael Grimm,These ads ran without a disclaimer,≤100
105850242292802,terrence_sanders_smith,These ads ran without a disclaimer,≤100
67047720896,Extraordinary Women Ministries,"AMERICAN ASSOCIATION OF CHRISTIAN COUNSELORS, INC.",≤100
1652562908172918,Build a Better Seattle,GREATER SEATTLE CHAMBER OF COMMERCE,≤100
35182380619,Việt Tân,These ads ran without a disclaimer,≤100
108020636846,Policy Matters Ohio,POLICY MATTERS OHIO,≤100
541443122858186,Sandy Trading Co.,Sandy Trading Company LLC,≤100
14182731186,Texas Appleseed,TEXAS APPLESEED,≤100
504118316658151,SilencedOrganic,SilencedOrganic.com,≤100
100805965993615,Sun Cup Wellness,These ads ran without a disclaimer,≤100
1720878078241107,Conservative Move,Conservative Move,≤100
869165529877300,John Mark Windle - State Representative,Friends of John Mark Windle,≤100
232467307162583,Farm Action,Family Farm Action Inc,≤100
108165127638289,Untold Palestine,These ads ran without a disclaimer,≤100
110782804873534,Savvy Savings Club,"Plateau Data Services, LLC dba RateMarketplace",≤100
328065780936817,Forest Fire Facts,Strategy Solutions,≤100
105148578683703,Kyle Rittenhouse,AAF Nation,≤100
1669424913284251,RCCG Heavens Glorious Embassy,These ads ran without a disclaimer,≤100
683095228488145,Scott McKnight,The Scott McKnight Campaign,≤100
100657892225740,House Celebration,These ads ran without a disclaimer,≤100
149145688432932,"Maine Service Employees Association, SEIU Local 1989","Maine Service Employees Association, SEIU Local 1989",≤100
170185040224869,"First Baptist Church, MLK",These ads ran without a disclaimer,≤100
1150878641762304,MicheleReynolds,Friends of Michele Reynolds,≤100
106546352258923,Team 731 - Experience Slate,Team 731,≤100
103387475108048,Rimm-PODCAST,Igor Spasojevic,≤100
39415627366,The Gordon School,"GORDON SCHOOL, THE",≤100
559520464953928,Our Funny Little Site Latest,These ads ran without a disclaimer,≤100
1010608238949302,PFLAG Oskaloosa,Chad Richard Farner,≤100
109458541802456,Van Hoose for Escambia County,Myra Van Hoose for County Commission,≤100
102161431437496,Big View AI,These ads ran without a disclaimer,≤100
429881530453417,"Jefferson County Farmers & Neighbors, Inc. - JFAN","Jefferson County Farmers & Neighbors, Inc.",≤100
106239491985146,Koi Stories,These ads ran without a disclaimer,≤100
65727594614,Brandon Creighton,Friends of Brandon Creighton,≤100
1764185850558806,Apex Clean Energy,Apex Clean Energy,≤100
104356545686357,Justice for Fabian Gomez,These ads ran without a disclaimer,≤100
139599847972,National Nurses United,National Nurses United,≤100
101861189209216,901 Spirit Seekers,These ads ran without a disclaimer,≤100
112216681284026,Vcc,These ads ran without a disclaimer,≤100
194544861000309,Nonpartisan Nebraska,Nonpartisan Nebraska Inc.,≤100
112525447904828,Pittsburgh Racial Justice Summit,MANDY LORRAINE KIVOWITZ-DELFAVER,≤100
112411134550324,B2i Digital,These ads ran without a disclaimer,≤100
60865633726,Love Justice International,These ads ran without a disclaimer,≤100
1975385292744784,United to End Homelessness,United to End Homelessness,≤100
201603473249790,John M. Schroder Louisiana State Treasurer,Louisiana Department of Treasury,≤100
109178478007415,Every Day Koala Summer,These ads ran without a disclaimer,≤100
112233723498525,Fringe Benefits Theatre CT4CT,These ads ran without a disclaimer,≤100
280569155330326,AFP - Iowa,AMERICANS FOR PROSPERITY,≤100
107010494015560,Virginians for Clean Energy,270 Strategies,≤100
321940255913933,Our Funny Little Site Way,These ads ran without a disclaimer,≤100
100868675804417,eternal_breaks,These ads ran without a disclaimer,≤100
167721133253158,The White House Historical Association,These ads ran without a disclaimer,≤100
811900825495982,Niskanen Center,The Niskanen Center,≤100
311536622860495,SoCal Daily Pulse,SoCal Daily Pulse,≤100
103736178767913,Printing Time,These ads ran without a disclaimer,≤100
19535369102,Affirmations,These ads ran without a disclaimer,≤100
133012286771509,Alaska Family Action,Alaska Family Action,≤100
245481022560114,State Representative John Stefanski,John Stefanski Campaign,≤100
1859914244280623,STEAM Engine,These ads ran without a disclaimer,≤100
626360157451628,Chef Javad Javadi,These ads ran without a disclaimer,≤100
100183081867995,Moneymade,These ads ran without a disclaimer,≤100
109694697539764,Aeroclass,These ads ran without a disclaimer,≤100
107700167293842,Snorkeling4Trash,These ads ran without a disclaimer,≤100
291455665059126,Guardian Glass North America,These ads ran without a disclaimer,≤100
208371683037269,NBCU Catalyst,These ads ran without a disclaimer,≤100
40055265495,The British Journal of Photography,These ads ran without a disclaimer,≤100
100130909551653,Naturesacree.co,These ads ran without a disclaimer,≤100
100111192867047,La clé - Finance,These ads ran without a disclaimer,≤100